Header,Desire_C_VZW_20100604_Neo_v9
A0,HTC_VOC_CODEC_EARCUPLE_VOICE,35,71,36,61,37,0,38,0,39,3,3A,0,3B,0,3C,0,3D,0,3E,0,3F,0,40,0,41,1C,42,0,43,0,44,0,45,0,46,0,47,0,48,0,49,0,4A,1,4B,0,4C,0,0,0,0,0,0,0,0,0,0,0,0,0,0,0,0,0,0,0,0
A1,HTC_VOC_CODEC_EARCUPLE_MIDI,35,71,36,61,37,0,38,0,39,3,3A,0,3B,0,3C,0,3D,0,3E,0,3F,0,40,0,41,1C,42,0,43,0,44,0,45,0,46,0,47,0,48,0,49,0,4A,1,4B,0,4C,0,0,0,0,0,0,0,0,0,0,0,0,0,0,0,0,0,0,0,0
A2,HTC_VOC_CODEC_SPEAKER_VOICE,35,63,36,63,37,0,38,0,39,3,3A,0,3B,0,3C,0,3D,0,3E,0,3F,0,40,0,41,0,42,0,43,0,44,0,45,0,46,0,47,0,48,0,49,0,4A,18,4B,0,4C,0,0,0,0,0,0,0,0,0,0,0,0,0,0,0,0,0,0,0,0
A3,HTC_VOC_CODEC_SPEAKER_MIDI,35,63,36,63,37,0,38,0,39,3,3A,0,3B,0,3C,0,3D,0,3E,0,3F,0,40,0,41,0,42,0,43,0,44,0,45,0,46,0,47,0,48,0,49,0,4A,18,4B,0,4C,0,0,0,0,0,0,0,0,0,0,0,0,0,0,0,0,0,0,0,0
A4,HTC_VOC_CODEC_HEADSET_VOICE,35,69,36,69,37,0,38,0,39,3,3A,80,3B,0,3C,0,3D,0,3E,0,3F,0,40,0,41,1C,42,0,43,0,44,0,45,0,46,0,47,0,48,0,49,0,4A,6,4B,0,4C,0,0,0,0,0,0,0,0,0,0,0,0,0,0,0,0,0,0,0,0
A5,HTC_VOC_CODEC_HEADSET_MIDI,35,69,36,69,37,0,38,0,39,3,3A,80,3B,0,3C,0,3D,0,3E,0,3F,0,40,0,41,1C,42,0,43,0,44,0,45,0,46,0,47,0,48,0,49,0,4A,6,4B,0,4C,0,0,0,0,0,0,0,0,0,0,0,0,0,0,0,0,0,0,0,0
A6,HTC_VOC_CODEC_BT_VOICE,0,0,0,0,0,0,0,0,0,0,0,0,0,0,0,0,0,0,0,0,0,0,0,0,0,0,0,0,0,0,0,0,0,0,0,0,0,0,0,0,0,0,0,0,0,0,0,0,0,0,0,0,0,0,0,0,0,0,0,0,0,0,0,0,0,0,0
A7,HTC_VOC_CODEC_BT_MIDI,0,0,0,0,0,0,0,0,0,0,0,0,0,0,0,0,0,0,0,0,0,0,0,0,0,0,0,0,0,0,0,0,0,0,0,0,0,0,0,0,0,0,0,0,0,0,0,0,0,0,0,0,0,0,0,0,0,0,0,0,0,0,0,0,0,0,0
A8,HTC_VOC_CODEC_CARKIT_VOICE,35,69,36,69,37,0,38,0,39,3,3A,80,3B,0,3C,0,3D,0,3E,0,3F,0,40,0,41,1C,42,0,43,0,44,0,45,0,46,0,47,0,48,0,49,0,4A,6,4B,0,4C,0,0,0,0,0,0,0,0,0,0,0,0,0,0,0,0,0,0,0,0
A9,HTC_VOC_CODEC_CARKIT_MIDI,35,69,36,69,37,0,38,0,39,3,3A,80,3B,0,3C,0,3D,0,3E,0,3F,0,40,0,41,1C,42,0,43,0,44,0,45,0,46,0,47,0,48,0,49,0,4A,6,4B,0,4C,0,0,0,0,0,0,0,0,0,0,0,0,0,0,0,0,0,0,0,0
A10,HTC_VOC_CODEC_TTY_FULL_VOICE,35,69,36,69,37,0,38,0,39,3,3A,80,3B,0,3C,0,3D,0,3E,0,3F,0,40,0,41,1C,42,0,43,0,44,0,45,0,46,0,47,0,48,0,49,0,4A,6,4B,0,4C,0,0,0,0,0,0,0,0,0,0,0,0,0,0,0,0,0,0,0,0
A11,HTC_VOC_CODEC_TTY_FULL_MIDI,35,69,36,69,37,0,38,0,39,3,3A,80,3B,0,3C,0,3D,0,3E,0,3F,0,40,0,41,1C,42,0,43,0,44,0,45,0,46,0,47,0,48,0,49,0,4A,6,4B,0,4C,0,0,0,0,0,0,0,0,0,0,0,0,0,0,0,0,0,0,0,0
A12,HTC_VOC_CODEC_TTY_VCO_VOICE,35,69,36,69,37,0,38,0,39,3,3A,80,3B,0,3C,0,3D,0,3E,0,3F,0,40,0,41,1C,42,0,43,0,44,0,45,0,46,0,47,0,48,0,49,0,4A,6,4B,0,4C,0,0,0,0,0,0,0,0,0,0,0,0,0,0,0,0,0,0,0,0
A13,HTC_VOC_CODEC_TTY_VCO_MIDI,35,69,36,69,37,0,38,0,39,3,3A,80,3B,0,3C,0,3D,0,3E,0,3F,0,40,0,41,1C,42,0,43,0,44,0,45,0,46,0,47,0,48,0,49,0,4A,6,4B,0,4C,0,0,0,0,0,0,0,0,0,0,0,0,0,0,0,0,0,0,0,0
A14,HTC_VOC_CODEC_TTY_HCO_VOICE,35,63,36,63,37,0,38,0,39,3,3A,0,3B,0,3C,0,3D,0,3E,0,3F,0,40,0,41,2C,42,0,43,0,44,0,45,0,46,0,47,0,48,0,49,0,4A,18,4B,0,4C,0,0,0,0,0,0,0,0,0,0,0,0,0,0,0,0,0,0,0,0
A15,HTC_VOC_CODEC_TTY_HCO_MIDI,35,63,36,63,37,0,38,0,39,3,3A,0,3B,0,3C,0,3D,0,3E,0,3F,0,40,0,41,2C,42,0,43,0,44,0,45,0,46,0,47,0,48,0,49,0,4A,18,4B,0,4C,0,0,0,0,0,0,0,0,0,0,0,0,0,0,0,0,0,0,0,0
A16,HTC_VOC_CODEC_NO_MIC_HEADSET_VOICE,35,69,36,69,37,0,38,0,39,3,3A,80,3B,0,3C,0,3D,0,3E,0,3F,0,40,0,41,1C,42,0,43,0,44,0,45,0,46,0,47,0,48,0,49,0,4A,6,4B,0,4C,0,0,0,0,0,0,0,0,0,0,0,0,0,0,0,0,0,0,0,0
A17,HTC_VOC_CODEC_NO_MIC_HEADSET_MIDI,35,69,36,69,37,0,38,0,39,3,3A,80,3B,0,3C,0,3D,0,3E,0,3F,0,40,0,41,1C,42,0,43,0,44,0,45,0,46,0,47,0,48,0,49,0,4A,6,4B,0,4C,0,0,0,0,0,0,0,0,0,0,0,0,0,0,0,0,0,0,0,0
A18,HTC_VOC_CODEC_FMHEADSET_VOICE,35,69,36,69,37,0,38,0,39,F,3A,80,3B,0,3C,0,3D,0,3E,0,3F,0,40,0,41,1C,42,10,43,3F,44,0,45,0,46,F,47,0,48,0,49,0,4A,6,4B,0,4C,0,0,0,0,0,0,0,0,0,0,0,0,0,0,0,0,0,0,0,0
A19,HTC_VOC_CODEC_FMHEADSET_MIDI,35,69,36,69,37,0,38,0,39,F,3A,80,3B,0,3C,0,3D,0,3E,0,3F,0,40,0,41,1C,42,10,43,3F,44,0,45,0,46,F,47,0,48,0,49,0,4A,6,4B,0,4C,0,0,0,0,0,0,0,0,0,0,0,0,0,0,0,0,0,0,0,0
A20,HTC_VOC_CODEC_HEADSET_SPEAKER_VOICE,35,6B,36,6B,37,0,38,0,39,3,3A,80,3B,0,3C,0,3D,0,3E,0,3F,0,40,0,41,10,42,0,43,0,44,0,45,0,46,0,47,0,48,0,49,0,4A,1E,4B,0,4C,0,0,0,0,0,0,0,0,0,0,0,0,0,0,0,0,0,0,0,0
A21,HTC_VOC_CODEC_HEADSET_SPEAKER_MIDI,35,6B,36,6B,37,0,38,0,39,3,3A,80,3B,0,3C,0,3D,0,3E,0,3F,0,40,0,41,10,42,0,43,0,44,0,45,0,46,0,47,0,48,0,49,0,4A,1E,4B,0,4C,0,0,0,0,0,0,0,0,0,0,0,0,0,0,0,0,0,0,0,0
A22,HTC_VOC_CODEC_FMSPEAKER_VOICE,35,63,36,63,37,0,38,0,39,F,3A,0,3B,0,3C,0,3D,0,3E,0,3F,0,40,0,41,0,42,4,43,3F,44,0,45,0,46,F,47,0,48,0,49,0,4A,18,4B,0,4C,0,0,0,0,0,0,0,0,0,0,0,0,0,0,0,0,0,0,0,0
A23,HTC_VOC_CODEC_FMSPEAKER_MIDI,35,63,36,63,37,0,38,0,39,F,3A,0,3B,0,3C,0,3D,0,3E,0,3F,0,40,0,41,0,42,4,43,3F,44,0,45,0,46,F,47,0,48,0,49,0,4A,18,4B,0,4C,0,0,0,0,0,0,0,0,0,0,0,0,0,0,0,0,0,0,0,0
U0,HTC_VOC_CODEC_EARCUPLE_VOICE,35,0,36,0,37,FF,38,0,39,0,3A,0,3B,0,3C,14,3D,14,3E,0,3F,80,40,5,41,0,42,1,43,0,44,0,45,0,46,0,47,0,48,5,49,0,4A,0,4B,0,4C,0,0,0,0,0,0,0,0,0,0,0,0,0,0,0,0,0,0,0,0
U1,HTC_VOC_CODEC_EARCUPLE_MIDI,35,0,36,0,37,FF,38,0,39,0,3A,0,3B,0,3C,14,3D,14,3E,0,3F,80,40,5,41,0,42,1,43,0,44,0,45,0,46,0,47,0,48,5,49,0,4A,0,4B,0,4C,0,0,0,0,0,0,0,0,0,0,0,0,0,0,0,0,0,0,0,0
U2,HTC_VOC_CODEC_SPEAKER_VOICE,35,0,36,0,37,FF,38,0,39,0,3A,0,3B,0,3C,3C,3D,3C,3E,0,3F,0,40,0,41,0,42,1,43,0,44,0,45,0,46,0,47,0,48,5,49,0,4A,0,4B,0,4C,0,0,0,0,0,0,0,0,0,0,0,0,0,0,0,0,0,0,0,0
U3,HTC_VOC_CODEC_SPEAKER_MIDI,35,0,36,0,37,FF,38,0,39,0,3A,0,3B,0,3C,8,3D,14,3E,0,3F,0,40,0,41,0,42,1,43,0,44,0,45,0,46,0,47,0,48,5,49,0,4A,0,4B,0,4C,0,0,0,0,0,0,0,0,0,0,0,0,0,0,0,0,0,0,0,0
U4,HTC_VOC_CODEC_HEADSET_VOICE,35,0,36,0,37,FF,38,0,39,0,3A,0,3B,0,3C,1C,3D,1C,3E,8,3F,80,40,5,41,0,42,1,43,0,44,0,45,0,46,0,47,0,48,5,49,0,4A,0,4B,0,4C,0,0,0,0,0,0,0,0,0,0,0,0,0,0,0,0,0,0,0,0
U5,HTC_VOC_CODEC_HEADSET_MIDI,35,0,36,0,37,FF,38,0,39,0,3A,0,3B,0,3C,14,3D,14,3E,8,3F,80,40,5,41,0,42,1,43,0,44,0,45,0,46,0,47,0,48,5,49,0,4A,0,4B,0,4C,0,0,0,0,0,0,0,0,0,0,0,0,0,0,0,0,0,0,0,0
U6,HTC_VOC_CODEC_BT_VOICE,0,0,0,0,0,0,0,0,0,0,0,0,0,0,0,0,0,0,0,0,0,0,0,0,0,0,0,0,0,0,0,0,0,0,0,0,0,0,0,0,0,0,0,0,0,0,0,0,0,0,0,0,0,0,0,0,0,0,0,0,0,0,0,0,0,0,0
U7,HTC_VOC_CODEC_BT_MIDI,0,0,0,0,0,0,0,0,0,0,0,0,0,0,0,0,0,0,0,0,0,0,0,0,0,0,0,0,0,0,0,0,0,0,0,0,0,0,0,0,0,0,0,0,0,0,0,0,0,0,0,0,0,0,0,0,0,0,0,0,0,0,0,0,0,0,0
U8,HTC_VOC_CODEC_CARKIT_VOICE,35,0,36,0,37,FF,38,0,39,0,3A,0,3B,0,3C,28,3D,28,3E,8,3F,80,40,5,41,0,42,0,43,0,44,0,45,0,46,0,47,0,48,0,49,0,4A,0,4B,0,4C,0,0,0,0,0,0,0,0,0,0,0,0,0,0,0,0,0,0,0,0
U9,HTC_VOC_CODEC_CARKIT_MIDI,35,0,36,0,37,FF,38,0,39,0,3A,0,3B,0,3C,20,3D,20,3E,8,3F,80,40,5,41,0,42,0,43,0,44,0,45,0,46,0,47,0,48,0,49,0,4A,0,4B,0,4C,0,0,0,0,0,0,0,0,0,0,0,0,0,0,0,0,0,0,0,0
U10,HTC_VOC_CODEC_TTY_FULL_VOICE,35,0,36,0,37,FF,38,0,39,0,3A,0,3B,0,3C,90,3D,90,3E,8,3F,80,40,5,41,0,42,0,43,0,44,0,45,0,46,0,47,0,48,5,49,0,4A,0,4B,0,4C,0,0,0,0,0,0,0,0,0,0,0,0,0,0,0,0,0,0,0,0
U11,HTC_VOC_CODEC_TTY_FULL_MIDI,35,0,36,0,37,FF,38,0,39,0,3A,0,3B,0,3C,90,3D,90,3E,8,3F,80,40,5,41,0,42,0,43,0,44,0,45,0,46,0,47,0,48,5,49,0,4A,0,4B,0,4C,0,0,0,0,0,0,0,0,0,0,0,0,0,0,0,0,0,0,0,0
U12,HTC_VOC_CODEC_TTY_VCO_VOICE,35,0,36,0,37,FF,38,0,39,0,3A,0,3B,0,3C,44,3D,44,3E,0,3F,0,40,0,41,0,42,1,43,0,44,0,45,0,46,0,47,0,48,0,49,0,4A,0,4B,0,4C,0,0,0,0,0,0,0,0,0,0,0,0,0,0,0,0,0,0,0,0
U13,HTC_VOC_CODEC_TTY_VCO_MIDI,35,0,36,0,37,FF,38,0,39,0,3A,0,3B,0,3C,44,3D,44,3E,0,3F,0,40,0,41,0,42,1,43,0,44,0,45,0,46,0,47,0,48,0,49,0,4A,0,4B,0,4C,0,0,0,0,0,0,0,0,0,0,0,0,0,0,0,0,0,0,0,0
U14,HTC_VOC_CODEC_TTY_HCO_VOICE,35,0,36,0,37,FF,38,0,39,0,3A,0,3B,0,3C,90,3D,90,3E,8,3F,80,40,5,41,0,42,0,43,0,44,0,45,0,46,0,47,0,48,5,49,0,4A,0,4B,0,4C,0,0,0,0,0,0,0,0,0,0,0,0,0,0,0,0,0,0,0,0
U15,HTC_VOC_CODEC_TTY_HCO_MIDI,35,0,36,0,37,FF,38,0,39,0,3A,0,3B,0,3C,90,3D,90,3E,8,3F,80,40,5,41,0,42,0,43,0,44,0,45,0,46,0,47,0,48,5,49,0,4A,0,4B,0,4C,0,0,0,0,0,0,0,0,0,0,0,0,0,0,0,0,0,0,0,0
U16,HTC_VOC_CODEC_NO_MIC_HEADSET_VOICE,35,0,36,0,37,FF,38,0,39,0,3A,0,3B,0,3C,28,3D,28,3E,8,3F,80,40,5,41,0,42,1,43,0,44,0,45,0,46,0,47,0,48,0,49,0,4A,0,4B,0,4C,0,0,0,0,0,0,0,0,0,0,0,0,0,0,0,0,0,0,0,0
U17,HTC_VOC_CODEC_NO_MIC_HEADSET_MIDI,35,0,36,0,37,FF,38,0,39,0,3A,0,3B,0,3C,14,3D,14,3E,8,3F,80,40,5,41,0,42,1,43,0,44,0,45,0,46,0,47,0,48,0,49,0,4A,0,4B,0,4C,0,0,0,0,0,0,0,0,0,0,0,0,0,0,0,0,0,0,0,0
U18,HTC_VOC_CODEC_FMHEADSET_VOICE,35,0,36,0,37,FF,38,0,39,0,3A,0,3B,0,3C,28,3D,28,3E,8,3F,80,40,5,41,0,42,1,43,0,44,0,45,0,46,0,47,0,48,0,49,0,4A,0,4B,0,4C,0,0,0,0,0,0,0,0,0,0,0,0,0,0,0,0,0,0,0,0
U19,HTC_VOC_CODEC_FMHEADSET_MIDI,35,0,36,0,37,FF,38,0,39,0,3A,0,3B,0,3C,20,3D,20,3E,8,3F,80,40,5,41,0,42,1,43,0,44,0,45,0,46,0,47,0,48,0,49,0,4A,0,4B,0,4C,0,0,0,0,0,0,0,0,0,0,0,0,0,0,0,0,0,0,0,0
U20,HTC_VOC_CODEC_HEADSET_SPEAKER_VOICE,35,0,36,0,37,FF,38,0,39,0,3A,0,3B,0,3C,44,3D,44,3E,0,3F,80,40,5,41,0,42,1,43,0,44,0,45,0,46,0,47,0,48,0,49,0,4A,0,4B,0,4C,0,0,0,0,0,0,0,0,0,0,0,0,0,0,0,0,0,0,0,0
U21,HTC_VOC_CODEC_HEADSET_SPEAKER_MIDI,35,0,36,0,37,FF,38,0,39,0,3A,0,3B,0,3C,44,3D,44,3E,0,3F,80,40,5,41,0,42,1,43,0,44,0,45,0,46,0,47,0,48,0,49,0,4A,0,4B,0,4C,0,0,0,0,0,0,0,0,0,0,0,0,0,0,0,0,0,0,0,0
U22,HTC_VOC_CODEC_FMSPEAKER_VOICE,35,0,36,0,37,FF,38,0,39,0,3A,0,3B,0,3C,38,3D,38,3E,0,3F,0,40,0,41,0,42,1,43,0,44,0,45,0,46,0,47,0,48,0,49,0,4A,0,4B,0,4C,0,0,0,0,0,0,0,0,0,0,0,0,0,0,0,0,0,0,0,0
U23,HTC_VOC_CODEC_FMSPEAKER_MIDI,35,0,36,0,37,FF,38,0,39,0,3A,0,3B,0,3C,20,3D,20,3E,0,3F,0,40,0,41,0,42,1,43,0,44,0,45,0,46,0,47,0,48,0,49,0,4A,0,4B,0,4C,0,0,0,0,0,0,0,0,0,0,0,0,0,0,0,0,0,0,0,0
D0,HTC_VOC_CODEC_EARCUPLE_VOICE,1,2,22,0,818,0,0,0,0,0
D1,HTC_VOC_CODEC_EARCUPLE_MIDI,1,6,22,0,818,0,0,0,0,0
D2,HTC_VOC_CODEC_SPEAKER_VOICE,1,2,22,0,818,0,0,0,0,0
D3,HTC_VOC_CODEC_SPEAKER_MIDI,1,7,22,0,818,0,0,0,0,0
D4,HTC_VOC_CODEC_HEADSET_VOICE,1,3,22,0,818,0,0,c,0,0
D5,HTC_VOC_CODEC_HEADSET_MIDI,1,7,22,0,818,0,0,c,0,0
D6,HTC_VOC_CODEC_BT_VOICE,4002,0,22,3,800,0,1,0,0,0
D7,HTC_VOC_CODEC_BT_MIDI,4002,0,22,3,800,0,1,0,0,0
D8,HTC_VOC_CODEC_CARKIT_VOICE,1,7,22,0,818,0,0,0,0,0
D9,HTC_VOC_CODEC_CARKIT_MIDI,1,7,22,0,818,0,0,0,0,0
D10,HTC_VOC_CODEC_TTY_FULL_VOICE,1,0,22,0,818,0,0,0,0,0
D11,HTC_VOC_CODEC_TTY_FULL_MIDI,1,0,22,0,818,0,0,0,0,0
D12,HTC_VOC_CODEC_TTY_VCO_VOICE,1,0,22,0,818,0,0,0,0,0
D13,HTC_VOC_CODEC_TTY_VCO_MIDI,1,0,22,0,818,0,0,0,0,0
D14,HTC_VOC_CODEC_TTY_HCO_VOICE,1,0,22,0,818,0,0,0,0,0
D15,HTC_VOC_CODEC_TTY_HCO_MIDI,1,0,22,0,818,0,0,0,0,0
D16,HTC_VOC_CODEC_TBD1_VOICE,1,7,22,0,818,0,0,c,0,0
D17,HTC_VOC_CODEC_TBD1_MIDI,1,7,22,0,818,0,0,c,0,0
D18,HTC_VOC_CODEC_TBD2_VOICE,1,7,22,0,818,0,0,0,0,0
D19,HTC_VOC_CODEC_TBD2_MIDI,1,7,22,0,818,0,0,0,0,0
D20,HTC_VOC_CODEC_TBD3_VOICE,1,7,22,0,818,0,0,0,0,0
D21,HTC_VOC_CODEC_TBD3_MIDI,1,7,22,0,818,0,0,0,0,0
D22,HTC_VOC_CODEC_TBD4_VOICE,1,7,22,0,818,0,0,0,0,0
D23,HTC_VOC_CODEC_TBD4_MIDI,1,7,22,0,818,0,0,0,0,0
F0,PHONE_HEADSET_VOL0,0,4000,2013,0,4000,390a,FFFF,2000,0000,C80,FF03,2580,F333,01EC,FFEE,200A,7F65,0,ED00,0,FFFF,2000,0000,C80,FF9A,2400,F333,01EC,FFEE,200A,7F65,7FFF,800,7FFF,149f,0,10,800,2000,2000,200,3C,2,2FF,40,20,2710,40,41A0,800,63,4E20,4E20,2,4650,BB8,0,12C,12C,400,200,200,300,258,64,1CA8,384,32C8,FA0,FFFF,FFCD,00A5,FCD4,02AC,025B,EBBE,38D3,0,0,0,0,0,0,0,0,0,0,0,0,0,0,0,0,0,0,0,0,0,0,0,0,0,0,0,0,0,0,0,0,0,0,0,0,0,0,2,2,2,2,0,0,0,0,0,0,0,0,0,0,0,0,0,0,0,0,0,0,0,0,0,0,0,0,0,0,0,0,0,0,2,2,2,2,FFFF
F1,PHONE_HEADSET_VOL1,1,4000,2d4e,0,4000,390a,FFFF,2000,0000,C80,FF03,2580,F333,01EC,FFEE,200A,7F65,0,ED00,0,FFFF,2000,0000,C80,FF9A,2400,F333,01EC,FFEE,200A,7F65,7FFF,800,7FFF,149f,0,10,800,2000,2000,200,3C,2,2FF,40,20,2710,40,41A0,800,63,4E20,4E20,2,4650,BB8,0,12C,12C,400,200,200,300,258,64,1CA8,384,32C8,FA0,FFFF,FFCD,00A5,FCD4,02AC,025B,EBBE,38D3,0,0,0,0,0,0,0,0,0,0,0,0,0,0,0,0,0,0,0,0,0,0,0,0,0,0,0,0,0,0,0,0,0,0,0,0,0,0,2,2,2,2,0,0,0,0,0,0,0,0,0,0,0,0,0,0,0,0,0,0,0,0,0,0,0,0,0,0,0,0,0,0,2,2,2,2,FFFF
F2,PHONE_HEADSET_VOL2,2,4000,4000,0,4000,390a,FFFF,2000,0000,C80,FF03,2580,F333,01EC,FFEE,200A,7F65,0,ED00,0,FFFF,2000,0000,C80,FF9A,2400,F333,01EC,FFEE,200A,7F65,7FFF,800,7FFF,149f,0,10,800,2000,2000,200,3C,2,2FF,40,20,2710,40,41A0,800,63,4E20,4E20,2,4650,BB8,0,12C,12C,400,200,200,300,258,64,1CA8,384,32C8,FA0,FFFF,FFCD,00A5,FCD4,02AC,025B,EBBE,38D3,0,0,0,0,0,0,0,0,0,0,0,0,0,0,0,0,0,0,0,0,0,0,0,0,0,0,0,0,0,0,0,0,0,0,0,0,0,0,2,2,2,2,0,0,0,0,0,0,0,0,0,0,0,0,0,0,0,0,0,0,0,0,0,0,0,0,0,0,0,0,0,0,2,2,2,2,FFFF
F3,PHONE_HEADSET_VOL3,3,4000,4000,0,4000,47CF,FFFF,2000,0000,C80,FF03,2580,F333,01EC,FFEE,200A,7F65,0,ED00,0,FFFF,2000,0000,C80,FF9A,2400,F333,01EC,FFEE,200A,7F65,7FFF,800,7FFF,149f,0,10,800,2000,2000,200,3C,2,2FF,40,20,2710,40,41A0,800,63,4E20,4E20,2,4650,BB8,0,12C,12C,400,200,200,300,258,64,1CA8,384,32C8,FA0,FFFF,FFCD,00A5,FCD4,02AC,025B,EBBE,38D3,0,0,0,0,0,0,0,0,0,0,0,0,0,0,0,0,0,0,0,0,0,0,0,0,0,0,0,0,0,0,0,0,0,0,0,0,0,0,2,2,2,2,0,0,0,0,0,0,0,0,0,0,0,0,0,0,0,0,0,0,0,0,0,0,0,0,0,0,0,0,0,0,2,2,2,2,FFFF
F4,PHONE_HEADSET_VOL4,4,4000,4000,0,4000,656E,FFFF,2000,0000,C80,FF03,2580,F333,01EC,FFEE,200A,7F65,0,ED00,0,FFFF,2000,0000,C80,FF9A,2400,F333,01EC,FFEE,200A,7F65,7FFF,800,7FFF,149f,0,10,800,2000,2000,200,3C,2,2FF,40,20,2710,40,41A0,800,63,4E20,4E20,2,4650,BB8,0,12C,12C,400,200,200,300,258,64,1CA8,384,32C8,FA0,FFFF,FFCD,00A5,FCD4,02AC,025B,EBBE,38D3,0,0,0,0,0,0,0,0,0,0,0,0,0,0,0,0,0,0,0,0,0,0,0,0,0,0,0,0,0,0,0,0,0,0,0,0,0,0,2,2,2,2,0,0,0,0,0,0,0,0,0,0,0,0,0,0,0,0,0,0,0,0,0,0,0,0,0,0,0,0,0,0,2,2,2,2,FFFF
F5,PHONE_HEADSET_VOL5,5,4000,4000,0,4000,8F47,FFFF,2000,0000,C80,FF03,2580,F333,01EC,FFEE,200A,7F65,0,ED00,0,FFFF,2000,0000,C80,FF9A,2400,F333,01EC,FFEE,200A,7F65,7FFF,800,7FFF,149f,0,10,800,2000,2000,200,3C,2,2FF,40,20,2710,40,41A0,800,63,4E20,4E20,2,4650,BB8,0,12C,12C,400,200,200,300,258,64,1CA8,384,32C8,FA0,FFFF,FFCD,00A5,FCD4,02AC,025B,EBBE,38D3,0,0,0,0,0,0,0,0,0,0,0,0,0,0,0,0,0,0,0,0,0,0,0,0,0,0,0,0,0,0,0,0,0,0,0,0,0,0,2,2,2,2,0,0,0,0,0,0,0,0,0,0,0,0,0,0,0,0,0,0,0,0,0,0,0,0,0,0,0,0,0,0,2,2,2,2,FFFF
F6,PHONE_HANDSFREE_VOL0,0,71CF,4000,0,4000,0CC5,FFFF,3FD9,0,C80,FF9A,2080,F333,01EC,FFEE,200A,7F65,0,ED00,0,FFFF,3FD9,0,1180,FF9A,2080,F333,01EC,FFEE,200A,7F65,6000,800,7fff,149f,0,8,2000,2000,2000,80,A0,2,190,40,20,4650,40,41a0,800,63,4DFF,4DFF,2,2400,2400,0,0,100,200,650,150,300,200,64,1ca8,150,800,fa0,FFFF,0,FE86,FC9E,FB5A,FAD6,FC35,3C90,0,0,0,0,0,0,0,0,0,0,0,0,0,0,0,0,0,0,0,0,0,0,0,0,0,0,0,0,0,0,0,0,0,0,0,0,0,0,2,2,2,2,0,0,0,0,0,0,0,0,0,0,0,0,0,0,0,0,0,0,0,0,0,0,0,0,0,0,0,0,0,0,2,2,2,2,FFFF
F7,PHONE_HANDSFREE_VOL1,1,71CF,4000,0,4000,143D,FFFF,3FD9,0,C80,FF9A,2080,F333,01EC,FFEE,200A,7F65,0,ED00,0,FFFF,3FD9,0,1180,FF9A,2080,F333,01EC,FFEE,200A,7F65,6000,800,7fff,149f,0,8,2000,2000,2000,80,A0,2,190,40,20,4650,40,41a0,800,63,4DFF,4DFF,2,2400,2400,0,0,100,200,650,150,300,200,64,1ca8,150,800,fa0,FFFF,0,FE86,FC9E,FB5A,FAD6,FC35,3C90,0,0,0,0,0,0,0,0,0,0,0,0,0,0,0,0,0,0,0,0,0,0,0,0,0,0,0,0,0,0,0,0,0,0,0,0,0,0,2,2,2,2,0,0,0,0,0,0,0,0,0,0,0,0,0,0,0,0,0,0,0,0,0,0,0,0,0,0,0,0,0,0,2,2,2,2,FFFF
F8,PHONE_HANDSFREE_VOL2,2,71CF,4000,0,4000,2013,FFFF,3FD9,0,C80,FF9A,2080,F333,01EC,FFEE,200A,7F65,0,ED00,0,FFFF,3FD9,0,1180,FF9A,2080,F333,01EC,FFEE,200A,7F65,6000,800,7fff,149f,0,8,2000,2000,2000,80,A0,2,190,40,20,4650,40,41a0,800,63,4DFF,4DFF,2,2400,2400,0,0,100,200,650,150,300,200,64,1ca8,150,800,fa0,FFFF,0,FE86,FC9E,FB5A,FAD6,FC35,3C90,0,0,0,0,0,0,0,0,0,0,0,0,0,0,0,0,0,0,0,0,0,0,0,0,0,0,0,0,0,0,0,0,0,0,0,0,0,0,2,2,2,2,0,0,0,0,0,0,0,0,0,0,0,0,0,0,0,0,0,0,0,0,0,0,0,0,0,0,0,0,0,0,2,2,2,2,FFFF
F9,PHONE_HANDSFREE_VOL3,3,71CF,4000,0,4000,32D6,FFFF,3FD9,0,C80,FF9A,2080,F333,01EC,FFEE,200A,7F65,0,ED00,0,FFFF,3FD9,0,1180,FF9A,2080,F333,01EC,FFEE,200A,7F65,6000,800,7fff,149f,0,8,2000,2000,2000,80,A0,2,190,40,20,4650,40,41a0,800,63,4DFF,4DFF,2,2400,2400,0,0,100,200,650,150,300,200,64,1ca8,150,800,fa0,FFFF,0,FE86,FC9E,FB5A,FAD6,FC35,3C90,0,0,0,0,0,0,0,0,0,0,0,0,0,0,0,0,0,0,0,0,0,0,0,0,0,0,0,0,0,0,0,0,0,0,0,0,0,0,2,2,2,2,0,0,0,0,0,0,0,0,0,0,0,0,0,0,0,0,0,0,0,0,0,0,0,0,0,0,0,0,0,0,2,2,2,2,FFFF
F10,PHONE_HANDSFREE_VOL4,4,71CF,4000,0,4000,5092,FFFF,3FD9,0,C80,FF9A,2080,F333,01EC,FFEE,200A,7F65,0,ED00,0,FFFF,3FD9,0,1180,FF9A,2080,F333,01EC,FFEE,200A,7F65,32F4,800,7fff,149f,0,8,2000,2000,2000,80,A0,2,190,40,20,4650,40,41a0,800,63,4DFF,4DFF,2,2400,2400,0,0,100,200,650,200,300,258,64,1ca8,150,800,fa0,FFFF,0,FE86,FC9E,FB5A,FAD6,FC35,3C90,0,0,0,0,0,0,0,0,0,0,0,0,0,0,0,0,0,0,0,0,0,0,0,0,0,0,0,0,0,0,0,0,0,0,0,0,0,0,2,2,2,2,0,0,0,0,0,0,0,0,0,0,0,0,0,0,0,0,0,0,0,0,0,0,0,0,0,0,0,0,0,0,2,2,2,2,FFFF
F11,PHONE_HANDSFREE_VOL5,5,71CF,4000,0,4000,7FB2,FFFF,3FD9,0,C80,FF9A,2080,F333,01EC,FFEE,200A,7F65,0,ED00,0,FFFF,3FD9,0,1180,FF9A,2080,F333,01EC,FFEE,5A67,7F65,32F4,800,7fff,149f,0,8,2000,2000,2000,80,A0,2,190,40,20,4650,40,41a0,800,63,4DFF,4DFF,2,2400,2400,0,0,100,200,650,200,300,258,64,1ca8,150,800,fa0,FFFF,0,FE86,FC9E,FB5A,FAD6,FC35,3C90,0,0,0,0,0,0,0,0,0,0,0,0,0,0,0,0,0,0,0,0,0,0,0,0,0,0,0,0,0,0,0,0,0,0,0,0,0,0,2,2,2,2,0,0,0,0,0,0,0,0,0,0,0,0,0,0,0,0,0,0,0,0,0,0,0,0,0,0,0,0,0,0,2,2,2,2,FFFF
F12,PHONE_EARCUPLE_VOL0,0,2D4E,32D6,0A24,4000,23FD,FFFF,2D34,0000,C80,FF9A,2080,CCCC,07AE,F911,200A,7F65,0,ED00,0,FFFF,2000,0000,780,FF1A,2580,F333,01EC,FFEE,200A,7F65,7fff,800,7fff,149f,0,0,800,2000,2000,00fa,46,2,02ff,40,20,4650,40,41a0,800,63,4E20,4E20,2,4a38,1770,0,20,100,400,300,400,300,258,190,286D,500,2ee0,0fa0,FFFF,0007,001A,FF91,FDCD,0A87,F808,3D22,0000,0,0,0,0,0,0,0,0,0,0,0,0,0,0,0,0,0,0,0,0,0,0,0,0,0,0,0,0,0,0,0,0,0,0,0,0,0,2,2,2,2,0,0,0,0,0,0,0,0,0,0,0,0,0,0,0,0,0,0,0,0,0,0,0,0,0,0,0,0,0,0,2,2,2,2,FFFF
F13,PHONE_EARCUPLE_VOL1,1,2D4E,32D6,0A24,4000,32D6,FFFF,2D34,0000,C80,FF9A,2080,CCCC,07AE,F911,200A,7F65,0,ED00,0,FFFF,2000,0000,780,FF1A,2580,F333,01EC,FFEE,200A,7F65,7fff,800,7fff,149f,0,0,800,2000,2000,00fa,46,2,02ff,40,20,4650,40,41a0,800,63,4E20,4E20,2,4a38,1770,0,20,100,400,300,400,300,258,190,286D,500,2ee0,0fa0,FFFF,0007,001A,FF91,FDCD,0A87,F808,3D22,0000,0,0,0,0,0,0,0,0,0,0,0,0,0,0,0,0,0,0,0,0,0,0,0,0,0,0,0,0,0,0,0,0,0,0,0,0,0,2,2,2,2,0,0,0,0,0,0,0,0,0,0,0,0,0,0,0,0,0,0,0,0,0,0,0,0,0,0,0,0,0,0,2,2,2,2,FFFF
F14,PHONE_EARCUPLE_VOL2,2,2D4E,32D6,0A24,4000,4F00,FFFF,2D34,0000,C80,FF9A,2080,CCCC,07AE,F911,200A,7F65,0,ED00,0,FFFF,2000,0000,780,FF1A,2580,F333,01EC,FFEE,200A,7F65,7fff,800,7fff,149f,0,0,800,2000,2000,00fa,46,2,02ff,40,20,4650,40,41a0,800,63,4E20,4E20,2,4a38,1770,0,20,100,400,300,400,300,258,190,286D,500,2ee0,0fa0,FFFF,0007,001A,FF91,FDCD,0A87,F808,3D22,0,0,0,0,0,0,0,0,0,0,0,0,0,0,0,0,0,0,0,0,0,0,0,0,0,0,0,0,0,0,0,0,0,0,0,0,0,2,2,2,2,0,0,0,0,0,0,0,0,0,0,0,0,0,0,0,0,0,0,0,0,0,0,0,0,0,0,0,0,0,0,2,2,2,2,FFFF
F15,PHONE_EARCUPLE_VOL3,3,2D4E,32D6,0A24,4000,7FB2,FFFF,2D34,0000,C80,FF9A,2080,CCCC,07AE,F911,200A,7F65,0,ED00,0,FFFF,2000,0000,780,FF1A,2580,F333,01EC,FFEE,200A,7F65,7fff,800,7fff,149f,0,0,800,2000,2000,00fa,46,2,02ff,40,20,4650,40,41a0,800,63,4E20,4E20,2,4a38,1770,0,20,100,400,300,400,300,258,190,286D,500,2ee0,0fa0,FFFF,0007,001A,FF91,FDCD,0A87,F808,3D22,0000,0,0,0,0,0,0,0,0,0,0,0,0,0,0,0,0,0,0,0,0,0,0,0,0,0,0,0,0,0,0,0,0,0,0,0,0,0,2,2,2,2,0,0,0,0,0,0,0,0,0,0,0,0,0,0,0,0,0,0,0,0,0,0,0,0,0,0,0,0,0,0,2,2,2,2,FFFF
F16,PHONE_EARCUPLE_VOL4,4,2D4E,32D6,0A24,4000,B460,FFFF,2D34,0000,C80,FF9A,2080,CCCC,07AE,F911,200A,7F65,0,ED00,0,FFFF,2000,0000,780,FF1A,2580,F333,01EC,FFEE,200A,7F65,7fff,800,7fff,149f,0,0,800,2000,2000,00fa,46,2,02ff,40,20,4650,40,41a0,800,63,4E20,4E20,2,4a38,1770,0,20,100,400,300,400,300,258,190,286D,500,2ee0,0fa0,FFFF,0007,001A,FF91,FDCD,0A87,F808,3D22,FFFF,0013,FFDC,FDAA,FF4E,F955,FA96,3EBE,0,0,0,0,0,0,0,0,0,0,0,0,0,0,0,0,0,0,0,0,0,0,0,0,0,0,0,0,0,0,2,2,2,2,0,0,0,0,0,0,0,0,0,0,0,0,0,0,0,0,0,0,0,0,0,0,0,0,0,0,0,0,0,0,2,2,2,2,FFFF
F17,PHONE_EARCUPLE_VOL5,5,2D4E,32D6,0A24,4000,FEC9,FFFF,2D34,0000,C80,FF9A,2080,CCCC,07AE,F911,200A,7F65,0,ED00,0,FFFF,2000,0000,780,FF1A,2580,F333,01EC,FFEE,200A,7F65,7fff,800,7fff,149f,0,0,800,2000,2000,00fa,46,2,02ff,40,20,4650,40,41a0,800,63,4E20,4E20,2,4a38,1770,0,20,100,400,300,400,300,258,190,286D,500,2ee0,0fa0,FFFF,0007,001A,FF91,FDCD,0A87,F808,3D22,FFFF,0013,FFDC,FDAA,FF4E,F955,FA96,3EBE,0,0,0,0,0,0,0,0,0,0,0,0,0,0,0,0,0,0,0,0,0,0,0,0,0,0,0,0,0,0,2,2,2,2,0,0,0,0,0,0,0,0,0,0,0,0,0,0,0,0,0,0,0,0,0,0,0,0,0,0,0,0,0,0,2,2,2,2,FFFF
F18,PHONE_BTHEADSET,5,4000,4000,0000,4000,5A67,0,7F65,0,780,FF9A,1B0C,F333,01EC,FFEE,200A,7F65,0,ED00,0,0,7F65,0,780,FF9A,1B0C,F333,01EC,FFEE,200A,7F65,7FFF,800,21DB,149F,0,78,800,5A30,2000,1A4,C8,2,190,40,20,3977,40,408A,800,63,4E20,4E20,2,5208,1F40,0,50,161,1E00,200,1912,300,258,190,1CA8,C8,2D55,100,0,0000,0000,0000,0000,0000,0000,0000,0,0000,0000,0000,0000,0000,0000,0000,0,0,0,0,0,0,0,0,0,0,0,0,0,0,0,0,0,0,0,0,0,0,0,0,0,0,0,0,0,0,2,2,2,2,0,0,0,0,0,0,0,0,0,0,0,0,0,0,0,0,0,0,0,0,0,0,0,0,0,0,0,0,0,0,2,2,2,2,FFFF
F19,PHONE_CARKIT,5,4000,4000,0,4000,5A67,0,7F65,0,780,FF9A,1B0C,F333,01EC,FFEE,200A,7F65,0,ED00,0,0,7F65,0,780,FF9A,1B0C,F333,01EC,FFEE,200A,7F65,7FFF,800,7FFF,179F,0,14,800,2000,2000,80,A0,2,190,40,20,36B0,40,41A0,800,63,4E20,4E20,2,4A38,1770,0,130,130,1,258,400,300,258,190,1CA8,300,32C8,FA0,0000,417,FC95,60,EC7D,01D8,F16B,3D23,0,0,0,0,0,0,0,0,0,0,0,0,0,0,0,0,0,0,0,0,0,0,0,0,0,0,0,0,0,0,0,0,0,0,0,0,0,0,2,2,2,2,0,0,0,0,0,0,0,0,0,0,0,0,0,0,0,0,0,0,0,0,0,0,0,0,0,0,0,0,0,0,2,2,2,2,FFFF
F20,PHONE_TTY_FULL,0,4000,4000,0,4000,4000,0000,7F65,0000,0780,FF9A,1B0C,F333,01EC,FFEE,200A,7F65,0,ED00,0,0000,7F65,0,780,FF9A,1B0C,F333,01EC,FFEE,200A,7F65,7fff,800,7fff,0,0,14,800,2000,2000,00fa,46,1,02ff,40,20,4650,40,41a0,800,63,4E20,4E20,1,4a38,1770,0,100,100,400,200,400,300,258,190,1ca8,01c2,2ee0,0fa0,0000,0,0,0,0,0,0,0,0000,0,0,0,0,0,0,0,0,0,0,0,0,0,0,0,0,0,0,0,0,0,0,0,0,0,0,0,0,0,0,0,0,0,0,0,0,0,2,2,2,2,0,0,0,0,0,0,0,0,0,0,0,0,0,0,0,0,0,0,0,0,0,0,0,0,0,0,0,0,0,0,2,2,2,2,FFFF
F21,PHONE_TTY_VCO,0,4000,4000,0,B460,4000,0,7F65,0,780,FF9A,1B0C,F333,01EC,FFEE,200A,7F65,0,ED00,0,FFFF,2000,FFFF,780,FF9A,1C80,F333,01EC,FFEE,200A,5A30,7FFF,800,7fff,0,0,14,800,2000,2000,00fa,46,1,02ff,40,20,4650,40,41a0,800,63,4E20,4E20,1,4a38,1770,0,100,100,400,200,400,300,258,190,1ca8,01c2,2ee0,0fa0,0000,0,0,0,0,0,0,0,FFFF,0013,FFDC,FDAA,FF4E,F955,FA96,3EBE,0,0,0,0,0,0,0,0,0,0,0,0,0,0,0,0,0,0,0,0,0,0,0,0,0,0,0,0,0,0,2,2,2,2,0,0,0,0,0,0,0,0,0,0,0,0,0,0,0,0,0,0,0,0,0,0,0,0,0,0,0,0,0,0,2,2,2,2,FFFF
F22,PHONE_TTY_HCO,0,4000,4000,0,4000,FEC9,FFFF,7F65,0000,1180,FF67,1D00,F333,07AE,F911,200A,5A30,0,ED00,0,0000,7F65,0,780,FF9A,1B0C,F333,01EC,FFEE,200A,7F65,7fff,800,7fff,0,0,14,800,2000,2000,00fa,46,1,02ff,40,20,4650,40,41a0,800,63,4E20,4E20,1,4a38,1770,0,100,100,400,200,400,300,258,190,1ca8,01c2,2ee0,0fa0,FFFF,FFF3,FF89,FE54,FC31,F98F,F73D,3DD8,0000,0,0,0,0,0,0,0,0,0,0,0,0,0,0,0,0,0,0,0,0,0,0,0,0,0,0,0,0,0,0,0,0,0,0,0,0,0,2,2,2,2,0,0,0,0,0,0,0,0,0,0,0,0,0,0,0,0,0,0,0,0,0,0,0,0,0,0,0,0,0,0,2,2,2,2,FFFF
F23,CE_REC_INC_MIC,5,4000,4000,0,4000,4000,0,7F65,0,780,FF9A,1B0C,F333,01EC,FFEE,200A,7F65,0,ED00,0,0,7F65,0,780,FF9A,1B0C,F333,01EC,FFEE,200A,7F65,7fff,800,7fff,149f,0,14,800,2000,2000,00fa,46,1,02ff,40,20,4650,40,41a0,800,63,4E20,4E20,1,4a38,1770,0,100,100,400,200,400,300,258,190,1ca8,01c2,2ee0,0fa0,0,0,0,0,0,0,0,0,0,0,0,0,0,0,0,0,0,0,0,0,0,0,0,0,0,0,0,0,0,0,0,0,0,0,0,0,0,0,0,0,0,0,0,0,0,0,2,2,2,2,0,0,0,0,0,0,0,0,0,0,0,0,0,0,0,0,0,0,0,0,0,0,0,0,0,0,0,0,0,0,2,2,2,2,FFFF
F24,CE_REC_EXT_MIC,5,4000,4000,0,4000,4000,0,7F65,0,780,FF9A,1B0C,F333,01EC,FFEE,200A,7F65,0,ED00,0,0,7F65,0,780,FF9A,1B0C,F333,01EC,FFEE,200A,7F65,7fff,800,7fff,149f,0,14,800,2000,2000,00fa,46,1,02ff,40,20,4650,40,41a0,800,63,4E20,4E20,1,4a38,1770,0,100,100,400,200,400,300,258,190,1ca8,01c2,2ee0,0fa0,0,0,0,0,0,0,0,0,0,0,0,0,0,0,0,0,0,0,0,0,0,0,0,0,0,0,0,0,0,0,0,0,0,0,0,0,0,0,0,0,0,0,0,0,0,0,2,2,2,2,0,0,0,0,0,0,0,0,0,0,0,0,0,0,0,0,0,0,0,0,0,0,0,0,0,0,0,0,0,0,2,2,2,2,FFFF
F25,CE_PLAYBACK_HEADSET,5,4000,2541,0,4000,4000,0,7F65,0,780,FF9A,1B0C,F333,01EC,FFEE,200A,7F65,0,ED00,0,0,7F65,0,780,FF9A,1B0C,F333,01EC,FFEE,200A,7F65,7fff,800,7fff,149f,0,14,800,2000,2000,00fa,46,1,02ff,40,20,4650,40,41a0,800,63,4E20,4E20,1,4a38,1770,0,100,100,400,200,400,300,258,190,1ca8,01c2,2ee0,0fa0,0,0,0,0,0,0,0,0,0,0,0,0,0,0,0,0,0,0,0,0,0,0,0,0,0,0,0,0,0,0,0,0,0,0,0,0,0,0,0,0,0,0,0,0,0,0,2,2,2,2,0,0,0,0,0,0,0,0,0,0,0,0,0,0,0,0,0,0,0,0,0,0,0,0,0,0,0,0,0,0,2,2,2,2,FFFF
F26,CE_PLAYBACK_HANDSFREE,5,4000,5558,0,4000,47CF,0,7F65,0,780,FF9A,1B0C,F333,01EC,FFEE,200A,7F65,0,ED00,0,0,7F65,0,780,FF9A,1B0C,F333,01EC,FFEE,200A,7F65,7fff,800,7fff,149f,0,14,800,2000,2000,00fa,46,1,02ff,40,20,4650,40,41a0,800,63,4E20,4E20,1,4a38,1770,0,100,100,400,200,400,300,258,190,1ca8,01c2,2ee0,0fa0,0,0,0,0,0,0,0,0,0,0,0,0,0,0,0,0,0,0,0,0,0,0,0,0,0,0,0,0,0,0,0,0,0,0,0,0,0,0,0,0,0,0,0,0,0,0,2,2,2,2,0,0,0,0,0,0,0,0,0,0,0,0,0,0,0,0,0,0,0,0,0,0,0,0,0,0,0,0,0,0,2,2,2,2,FFFF
F27,PHONE_TCOIL,5,23FD,4000,0000,4000,A0C2,FFFF,2000,0000,C80,FF9A,1d00,F333,07AE,F911,200A,7F65,0,ED00,0,FFFF,2000,0000,780,FF1A,2580,F333,01EC,FFEE,200A,7F65,7fff,800,7fff,149f,0,15,800,2000,2000,00fa,46,2,02ff,40,20,4650,40,41a0,800,63,4E20,4E20,2,4a38,1770,0,20,100,400,200,400,300,258,190,1ca8,01c2,2ee0,0fa0,FFFF,FFF8,000D,0085,FF3B,FCA9,0BD3,3D95,FFFF,0013,FFDC,FDAA,FF4E,F955,FA96,3EBE,0,0,0,0,0,0,0,0,0,0,0,0,0,0,0,0,0,0,0,0,0,0,0,0,0,0,0,0,0,0,2,2,2,2,0,0,0,0,0,0,0,0,0,0,0,0,0,0,0,0,0,0,0,0,0,0,0,0,0,0,0,0,0,0,2,2,2,2,FFFF
F28,VT_HANDSFREE_VOL0,0,7FB2,4000,0,7FB2,4000,FFFF,2000,0,1280 ,FF03 ,1B00 ,F333 ,01EC ,FFEE ,200A ,7F65 ,0000 ,0000 ,0000 ,FFFF ,3FD9,0000 ,780,FF9A,2280,F333 ,01EC ,FFEE ,200A ,7F65 ,7FFF,800,7FFF,1797,0,14,800,2000,2000,80,8C,2,190,40,20,36B0,40,41A0,800,63,4E20,4E20,2,3500,BB8,0,10,100,1E00,1C2,400,300,258,190,1213,280,32C8,FA0,0,0,0,0,0,0,0,0,1,0,0,0,0,0,0,0,0,0,0,0,0,0,0,0,0,0,0,0,0,0,0,0,0,0,0,0,0,0,0,0,0,0,0,0,0,0,2,2,2,2,0B05,17A9,F83C,F56A,3125,CFB3,8970,3D52,F3B7,A1F0,21F9,26AA,0000,4000,3B90,5DAA,31D6,2867,FE05,EE6B,9690,1E6E,4A3E,A434,E8D3,23D3,F5CB,5F48,C177,2CF7,2,2,2,2,FFFF
F29,VT_HANDSFREE_VOL1,1,7FB2,5A67,0,7FB2,4000,FFFF,2000,0,1280 ,FF03 ,1B00 ,F333 ,01EC ,FFEE ,200A ,7F65 ,0000 ,0000 ,0000 ,FFFF ,3FD9,0000 ,780,FF9A,2280,F333 ,01EC ,FFEE ,200A ,7F65 ,7FFF,800,7FFF,1797,0,14,800,2000,2000,80,8C,2,190,40,20,36B0,40,41A0,800,63,4E20,4E20,2,3500,BB8,0,10,100,1E00,1C2,400,300,258,190,1213,280,32C8,FA0,0,0,0,0,0,0,0,0,1,0,0,0,0,0,0,0,0,0,0,0,0,0,0,0,0,0,0,0,0,0,0,0,0,0,0,0,0,0,0,0,0,0,0,0,0,0,2,2,2,2,0B05,17A9,F83C,F56A,3125,CFB3,8970,3D52,F3B7,A1F0,21F9,26AA,0000,4000,3B90,5DAA,31D6,2867,FE05,EE6B,9690,1E6E,4A3E,A434,E8D3,23D3,F5CB,5F48,C177,2CF7,2,2,2,2,FFFF
F30,VT_HANDSFREE_VOL2,2,7FB2,7FB2,0,7FB2,4000,FFFF,2000,0,1280 ,FF03 ,1B00 ,F333 ,01EC ,FFEE ,200A ,7F65 ,0000 ,0000 ,0000 ,FFFF ,3FD9,0000 ,780,FF9A,2280,F333 ,01EC ,FFEE ,200A ,7F65 ,7FFF,800,7FFF,1797,0,14,800,2000,2000,80,8C,2,190,40,20,36B0,40,41A0,800,63,4E20,4E20,2,3500,BB8,0,10,100,1E00,1C2,400,300,258,190,1213,280,32C8,FA0,0,0,0,0,0,0,0,0,1,0,0,0,0,0,0,0,0,0,0,0,0,0,0,0,0,0,0,0,0,0,0,0,0,0,0,0,0,0,0,0,0,0,0,0,0,0,2,2,2,2,0B05,17A9,F83C,F56A,3125,CFB3,8970,3D52,F3B7,A1F0,21F9,26AA,0000,4000,3B90,5DAA,31D6,2867,FE05,EE6B,9690,1E6E,4A3E,A434,E8D3,23D3,F5CB,5F48,C177,2CF7,2,2,2,2,FFFF
F31,VT_HANDSFREE_VOL3,3,7FB2,7FB2,0,7FB2,5A67,FFFF,2000,0,1280 ,FF03 ,1B00 ,F333 ,01EC ,FFEE ,200A ,7F65 ,0000 ,0000 ,0000 ,FFFF ,3FD9,0000 ,780,FF9A,2280,F333 ,01EC ,FFEE ,200A ,7F65 ,7FFF,800,7FFF,1797,0,14,800,2000,2000,80,8C,2,190,40,20,36B0,40,41A0,800,63,4E20,4E20,2,3500,BB8,0,10,100,1E00,1C2,400,300,258,190,1213,280,32C8,FA0,0,0,0,0,0,0,0,0,1,0,0,0,0,0,0,0,0,0,0,0,0,0,0,0,0,0,0,0,0,0,0,0,0,0,0,0,0,0,0,0,0,0,0,0,0,0,2,2,2,2,0B05,17A9,F83C,F56A,3125,CFB3,8970,3D52,F3B7,A1F0,21F9,26AA,0000,4000,3B90,5DAA,31D6,2867,FE05,EE6B,9690,1E6E,4A3E,A434,E8D3,23D3,F5CB,5F48,C177,2CF7,2,2,2,2,FFFF
F32,VT_HANDSFREE_VOL4,4,7FB2,7FB2,0,7FB2,7FB2,FFFF,2000,0,1280 ,FF03 ,1B00 ,F333 ,01EC ,FFEE ,200A ,7F65 ,0000 ,0000 ,0000 ,FFFF ,3FD9,0000 ,780,FF9A,2280,F333 ,01EC ,FFEE ,200A ,7F65 ,7FFF,800,7FFF,1797,0,14,800,2000,2000,80,8C,2,190,40,20,36B0,40,41A0,800,63,4E20,4E20,2,3500,BB8,0,10,100,1E00,1C2,400,300,258,190,1213,280,32C8,FA0,0,0,0,0,0,0,0,0,1,0,0,0,0,0,0,0,0,0,0,0,0,0,0,0,0,0,0,0,0,0,0,0,0,0,0,0,0,0,0,0,0,0,0,0,0,0,2,2,2,2,0B05,17A9,F83C,F56A,3125,CFB3,8970,3D52,F3B7,A1F0,21F9,26AA,0000,4000,3B90,5DAA,31D6,2867,FE05,EE6B,9690,1E6E,4A3E,A434,E8D3,23D3,F5CB,5F48,C177,2CF7,2,2,2,2,FFFF
F33,VT_HANDSFREE_VOL5,5,7FB2,7FB2,0,7FB2,B460,FFFF,2000,0,1280 ,FF03 ,1B00 ,F333 ,01EC ,FFEE ,200A ,7F65 ,0000 ,0000 ,0000 ,FFFF ,3FD9,0000 ,780,FF9A,2280,F333 ,01EC ,FFEE ,200A ,7F65 ,7FFF,800,7FFF,1797,0,14,800,2000,2000,80,8C,2,190,40,20,36B0,40,41A0,800,63,4E20,4E20,2,3500,BB8,0,10,100,1E00,1C2,400,300,258,190,1213,280,32C8,FA0,0,0,0,0,0,0,0,0,1,0,0,0,0,0,0,0,0,0,0,0,0,0,0,0,0,0,0,0,0,0,0,0,0,0,0,0,0,0,0,0,0,0,0,0,0,0,2,2,2,2,0B05,17A9,F83C,F56A,3125,CFB3,8970,3D52,F3B7,A1F0,21F9,26AA,0000,4000,3B90,5DAA,31D6,2867,FE05,EE6B,9690,1E6E,4A3E,A434,E8D3,23D3,F5CB,5F48,C177,2CF7,2,2,2,2,FFFF
F34,CE_PLAYBACK_HEADSET_RING,5,4000,4000,0,4000,4000,0,7F65,0,780,FF9A,1B0C,F333,01EC,FFEE,200A,7F65,0,ED00,0,0,7F65,0,780,FF9A,1B0C,F333,01EC,FFEE,200A,7F65,7fff,800,7fff,149f,0,14,800,2000,2000,00fa,46,1,02ff,40,20,4650,40,41a0,800,63,4E20,4E20,1,4a38,1770,0,100,100,400,200,400,300,258,190,1ca8,01c2,2ee0,0fa0,0,0,0,0,0,0,0,0,0,0,0,0,0,0,0,0,0,0,0,0,0,0,0,0,0,0,0,0,0,0,0,0,0,0,0,0,0,0,0,0,0,0,0,0,0,0,2,2,2,2,0,0,0,0,0,0,0,0,0,0,0,0,0,0,0,0,0,0,0,0,0,0,0,0,0,0,0,0,0,0,2,2,2,2,FFFF
G0,Default,5,4000,4000,0000,4000,5A67,FFFF,2000,0000,0780,FF9A,1B0C,F333,01EC,FFEE,200A,7F65,0000,ED00,0000,0000,7F65,0000,0780,FF9A,1B0C,F333,01EC,FFEE,200A,7F65,7FFF,0800,21DB,169F,0000,0078,0800,5A30,2000,01A4,00C8,0002,0190,0040,0020,3977,0040,408A,0800,0063,4E20,4E20,0002,5208,1F40,0000,0050,0161,1E00,0200,1912,0300,0258,0190,1CA8,00C8,2D55,0100,0000,0000,0000,0000,0000,0000,0000,0000,0000,0000,0000,0000,0000,0000,0000,0000,0000,0000,0000,0000,0000,0000,0000,0000,0000,0000,0000,0000,0000,0000,0000,0000,0000,0000,0000,0000,0000,0000,0000,0000,0000,0000,0000,0000,0000,0000,0002,0002,0002,0002,0000,0000,0000,0000,0000,0000,0000,0000,0000,0000,0000,0000,0000,0000,0000,0000,0000,0000,0000,0000,0000,0000,0000,0000,0000,0000,0000,0000,0000,0000,0002,0002,0002,0002,FFFF
G1,Default_Carkit,5,4000,4000,0000,4000,5A67,FFFF,2000,0000,0780,FF9A,1B0C,F333,01EC,FFEE,200A,7F65,0000,ED00,0000,0000,7F65,0000,0780,FF9A,1B0C,F333,01EC,FFEE,200A,7F65,7FFF,0800,21DB,0000,0000,0078,0800,5A30,2000,01A4,00C8,0002,0190,0040,0020,3977,0040,408A,0800,0063,4E20,4E20,0002,5208,1F40,0000,0050,0161,1E00,0200,1912,0300,0258,0190,1CA8,00C8,2D55,0100,0000,0000,0000,0000,0000,0000,0000,0000,0000,0000,0000,0000,0000,0000,0000,0000,0000,0000,0000,0000,0000,0000,0000,0000,0000,0000,0000,0000,0000,0000,0000,0000,0000,0000,0000,0000,0000,0000,0000,0000,0000,0000,0000,0000,0000,0000,0002,0002,0002,0002,0000,0000,0000,0000,0000,0000,0000,0000,0000,0000,0000,0000,0000,0000,0000,0000,0000,0000,0000,0000,0000,0000,0000,0000,0000,0000,0000,0000,0000,0000,0002,0002,0002,0002,FFFF
G2,320 Plantronics,5,4000,4000,0000,47CF,5A67,FFFF,2000,0000,0C80,FF03,1E00,F333,01EC,FFEE,200A,7F65,0000,0000,0000,FFFF,2000,0000,0F00,FF9A,2080,F333,01EC,FFEE,200A,7F65,7FFF,0800,21DB,179F,0000,0060,0800,5A30,2000,01A4,00A0,0002,0190,0040,0020,3977,0040,408A,0800,0063,4E20,4E20,0002,5208,1F40,0000,0020,0161,1E00,0200,1912,0300,0258,0190,1214,00C8,2D55,0100,0000,0000,0000,0000,0000,0000,0000,0000,FFFF,00AF,FC0F,FA5A,05E8,EBDD,002D,37DA,0000,0000,0000,0000,0000,0000,0000,0000,0000,0000,0000,0000,0000,0000,0000,0000,0000,0000,0000,0000,0000,0000,0000,0000,0000,0000,0000,0000,0000,0000,0002,0002,0002,0002,0000,0000,0000,0000,0000,0000,0000,0000,0000,0000,0000,0000,0000,0000,0000,0000,0000,0000,0000,0000,0000,0000,0000,0000,0000,0000,0000,0000,0000,0000,0002,0002,0002,0002,FFFF
G3,Plantronics 320,5,4000,4000,0000,47CF,5A67,FFFF,2000,0000,0C80,FF03,1E00,F333,01EC,FFEE,200A,7F65,0000,0000,0000,FFFF,2000,0000,0F00,FF9A,2080,F333,01EC,FFEE,200A,7F65,7FFF,0800,21DB,179F,0000,0060,0800,5A30,2000,01A4,00A0,0002,0190,0040,0020,3977,0040,408A,0800,0063,4E20,4E20,0002,5208,1F40,0000,0020,0161,1E00,0200,1912,0300,0258,0190,1214,00C8,2D55,0100,0000,0000,0000,0000,0000,0000,0000,0000,FFFF,00AF,FC0F,FA5A,05E8,EBDD,002D,37DA,0000,0000,0000,0000,0000,0000,0000,0000,0000,0000,0000,0000,0000,0000,0000,0000,0000,0000,0000,0000,0000,0000,0000,0000,0000,0000,0000,0000,0000,0000,0002,0002,0002,0002,0000,0000,0000,0000,0000,0000,0000,0000,0000,0000,0000,0000,0000,0000,0000,0000,0000,0000,0000,0000,0000,0000,0000,0000,0000,0000,0000,0000,0000,0000,0002,0002,0002,0002,FFFF
G4,PLT 510 v.G,5,4000,4000,0000,7FB2,5A67,FFFF,2000,0000,0C80,FF03,2580,F333,01EC,FFEE,200A,7F65,0000,ED00,0600,FFFF,2000,0000,0F00,FF03,2400,F333,01EC,FFEE,200A,7F65,7FFF,0800,21DB,179F,0000,0078,0800,5A30,2000,01A4,00C8,0002,0190,0040,0020,3977,0040,408A,0800,0063,4E20,4E20,0002,5208,1F40,0000,0050,0161,1E00,0200,1912,0300,0258,0190,1214,00C8,2D55,0100,0000,0000,0000,0000,0000,0000,0000,0000,FFFF,0013,ffdc,fdaa,ff4e,f955,fa96,3ebe,0000,0000,0000,0000,0000,0000,0000,0000,0000,0000,0000,0000,0000,0000,0000,0000,0000,0000,0000,0000,0000,0000,0000,0000,0000,0000,0000,0000,0000,0000,0002,0002,0002,0002,0000,0000,0000,0000,0000,0000,0000,0000,0000,0000,0000,0000,0000,0000,0000,0000,0000,0000,0000,0000,0000,0000,0000,0000,0000,0000,0000,0000,0000,0000,0002,0002,0002,0002,FFFF
G5,Motorola HS850,5,4000,4000,0000,A0C2,47CF,FFFF,2000,0000,0780,FF1A,2280,F333,01EC,FFEE,200A,7F65,0000,ED00,0600,FFFF,3000,0000,0C80,FF03,2580,F333,01EC,FFEE,200A,7F65,7FFF,0800,21DB,179F,0000,0200,0800,2000,2000,01A4,00C8,0002,0190,0040,0020,3977,0040,408A,0800,0063,4E20,4E20,0002,5208,1F40,0000,0050,0161,1E00,0200,1912,0300,0258,0190,1214,00C8,2D55,0100,FFFF,0000,FFA1,FE78,FCB2,FAC4,F944,78BA,FFFF,0013,ffdc,fdaa,ff4e,f955,fa96,3ebe,0000,0000,0000,0000,0000,0000,0000,0000,0000,0000,0000,0000,0000,0000,0000,0000,0000,0000,0000,0000,0000,0000,0000,0000,0000,0000,0000,0000,0000,0000,0002,0002,0002,0002,0000,0000,0000,0000,0000,0000,0000,0000,0000,0000,0000,0000,0000,0000,0000,0000,0000,0000,0000,0000,0000,0000,0000,0000,0000,0000,0000,0000,0000,0000,0002,0002,0002,0002,FFFF
G6,Motorola H700,5,4000,4000,0000,7FB2,7FB2,FFFF,2800,0000,0F00,FF03,2400,F333,01EC,FFEE,200A,7F65,0000,0000,0000,FFFF,2000,0000,0C80,FF03,2400,F333,01EC,FFEE,200A,7F65,7FFF,0800,21DB,149F,0000,0258,0800,5A30,2000,01A4,0190,0002,0190,0040,0020,3977,0040,408A,0800,0063,4E20,4E20,0002,5208,1F40,0000,0050,0161,1E00,0200,1912,0300,0258,0190,1CA8,00C8,2D55,0100,0000,0000,0000,0000,0000,0000,0000,0000,FFFF,0013,ffdc,fdaa,ff4e,f955,fa96,3ebe,0000,0000,0000,0000,0000,0000,0000,0000,0000,0000,0000,0000,0000,0000,0000,0000,0000,0000,0000,0000,0000,0000,0000,0000,0000,0000,0000,0000,0000,0000,0002,0002,0002,0002,0000,0000,0000,0000,0000,0000,0000,0000,0000,0000,0000,0000,0000,0000,0000,0000,0000,0000,0000,0000,0000,0000,0000,0000,0000,0000,0000,0000,0000,0000,0002,0002,0002,0002,FFFF
G7,Nokia BH-800,5,4000,4000,0000,CA62,7FB2,FFFF,2800,0000,0F00,FF03,2480,F333,01EC,FFEE,200A,7F65,0000,0000,0000,FFFF,2000,0000,0780,FF03,1B0C,F333,01EC,FFEE,200A,7F65,7FFF,0800,21DB,179F,0000,00BE,0800,2000,2000,01A4,00C8,0002,0190,0040,0020,3977,0040,408A,0800,0063,4E20,4E20,0002,4A38,1770,0000,0020,0161,1E00,0200,1912,0300,0258,0190,1CA8,00C8,2D55,0100,0000,0000,0000,0000,0000,0000,0000,0000,FFFF,0000,FFA1,FE78,FCB2,FAC4,F944,78BA,0000,0000,0000,0000,0000,0000,0000,0000,0000,0000,0000,0000,0000,0000,0000,0000,0000,0000,0000,0000,0000,0000,0000,0000,0000,0000,0000,0000,0000,0000,0002,0002,0002,0002,0000,0000,0000,0000,0000,0000,0000,0000,0000,0000,0000,0000,0000,0000,0000,0000,0000,0000,0000,0000,0000,0000,0000,0000,0000,0000,0000,0000,0000,0000,0002,0002,0002,0002,FFFF
G8,Jabra BT500,5,4000,4000,0000,A0C2,71CF,FFFF,2000,0000,0F00,FF03,1E2B,F333,01EC,FFEE,200A,7F65,0000,0000,0000,FFFF,2000,0000,0C80,FF03,2300,F333,01EC,FFEE,200A,7F65,7FFF,0800,21DB,179F,0000,0078,0800,5A30,2000,01A4,00C8,0002,0190,0040,0020,3977,0040,408A,0800,0063,4E20,4E20,0002,5208,1F40,0000,0050,0161,1E00,0200,1912,0300,0258,0190,1214,00C8,2D55,0100,0000,0000,0000,0000,0000,0000,0000,0000,FFFF,00AF,FC0F,FA5A,05E8,EBDD,002D,37DA,0000,0000,0000,0000,0000,0000,0000,0000,0000,0000,0000,0000,0000,0000,0000,0000,0000,0000,0000,0000,0000,0000,0000,0000,0000,0000,0000,0000,0000,0000,0002,0002,0002,0002,0000,0000,0000,0000,0000,0000,0000,0000,0000,0000,0000,0000,0000,0000,0000,0000,0000,0000,0000,0000,0000,0000,0000,0000,0000,0000,0000,0000,0000,0000,0002,0002,0002,0002,FFFF
G9,Jabra BT160,5,4000,4000,0000,6500,6000,FFFF,2000,0000,1180,FF03,2000,F333,01EC,FFEE,200A,7F65,0000,ED00,0600,FFFF,2D33,0000,0C80,FF03,2400,F333,01EC,FFEE,200A,7F65,7FFF,0800,21DB,179F,0000,0070,0800,2000,2000,01A4,00C8,0002,0190,0040,0020,3977,0040,408A,0800,0063,4E20,4E20,0002,5208,1F40,0000,0050,0161,1E00,0200,1912,0300,0258,0190,1CA8,00C8,2D55,0100,0000,0000,0000,0000,0000,0000,0000,0000,0000,0000,0000,0000,0000,0000,0000,0000,0000,0000,0000,0000,0000,0000,0000,0000,0000,0000,0000,0000,0000,0000,0000,0000,0000,0000,0000,0000,0000,0000,0000,0000,0000,0000,0000,0000,0000,0000,0002,0002,0002,0002,0000,0000,0000,0000,0000,0000,0000,0000,0000,0000,0000,0000,0000,0000,0000,0000,0000,0000,0000,0000,0000,0000,0000,0000,0000,0000,0000,0000,0000,0000,0002,0002,0002,0002,FFFF
G10,Motorola S9,5,4000,4000,0000,5A67,5A67,FFFF,2000,0000,0C80,FF03,2580,F333,01EC,FFEE,200A,7F65,0000,0000,0000,FFFF,2000,0000,0C80,FF03,2300,F333,01EC,FFEE,200A,7F65,7FFF,0800,21DB,0204,0000,0078,0800,2000,2000,01A4,00C8,0002,0190,0040,0020,3977,0040,408A,0800,0063,4E20,4E20,0002,5208,1F40,0000,0050,0161,1E00,0200,1912,0300,0258,0190,1CA8,00C8,2D55,0100,0000,0000,0000,0000,0000,0000,0000,0000,0000,0000,0000,0000,0000,0000,0000,0000,0000,0000,0000,0000,0000,0000,0000,0000,0000,0000,0000,0000,0000,0000,0000,0000,0000,0000,0000,0000,0000,0000,0000,0000,0000,0000,0000,0000,0000,0000,0002,0002,0002,0002,0000,0000,0000,0000,0000,0000,0000,0000,0000,0000,0000,0000,0000,0000,0000,0000,0000,0000,0000,0000,0000,0000,0000,0000,0000,0000,0000,0000,0000,0000,0002,0002,0002,0002,FFFF
G11,Jabra JX10,5,4000,4000,0000,71CF,5A67,FFFF,2000,0000,0C80,FF03,1C00,F333,01EC,FFEE,200A,7F65,0000,0000,0000,FFFF,2000,0000,0C80,FF9A,2100,F333,01EC,FFEE,200A,7F65,7FFF,0800,21DB,179F,0000,0275,0800,2000,2000,01A4,00C8,0002,0190,0040,0020,3977,0040,408A,0800,0063,4E20,4E20,0002,5208,1F40,0000,0050,0161,1E00,0200,1912,0300,0258,0190,1CA8,00C8,2D55,0100,0000,0000,0000,0000,0000,0000,0000,0000,FFFF,00AF,FC0F,FA5A,05E8,EBDD,002D,37DA,0000,0000,0000,0000,0000,0000,0000,0000,0000,0000,0000,0000,0000,0000,0000,0000,0000,0000,0000,0000,0000,0000,0000,0000,0000,0000,0000,0000,0000,0000,0002,0002,0002,0002,0000,0000,0000,0000,0000,0000,0000,0000,0000,0000,0000,0000,0000,0000,0000,0000,0000,0000,0000,0000,0000,0000,0000,0000,0000,0000,0000,0000,0000,0000,0002,0002,0002,0002,FFFF
G12,Jabra BT135,5,4000,4000,0000,7FB2,7FB2,FFFF,4000,0000,1180,FF03,2400,F333,01EC,FFEE,200A,7F65,0000,0000,0000,FFFF,2880,0000,0C80,FF03,2400,F333,01EC,FFEE,200A,7F65,7FFF,0800,21DB,179F,0000,0078,0800,5A30,2000,01A4,00C8,0002,0190,0040,0020,3977,0040,408A,0800,0063,4E20,4E20,0002,5208,1F40,0000,0020,0161,1E00,0200,1912,0300,0258,0190,1CA8,00C8,2D55,0100,0000,0000,0000,0000,0000,0000,0000,0000,FFFF,00AF,FC0F,FA5A,05E8,EBDD,002D,37DA,0000,0000,0000,0000,0000,0000,0000,0000,0000,0000,0000,0000,0000,0000,0000,0000,0000,0000,0000,0000,0000,0000,0000,0000,0000,0000,0000,0000,0000,0000,0002,0002,0002,0002,0000,0000,0000,0000,0000,0000,0000,0000,0000,0000,0000,0000,0000,0000,0000,0000,0000,0000,0000,0000,0000,0000,0000,0000,0000,0000,0000,0000,0000,0000,0002,0002,0002,0002,FFFF
G13,640 Plantronics,5,4000,4000,0000,5A67,5A67,FFFF,2000,0000,0C80,FF03,2580,F333,01EC,FFEE,200A,7F65,0000,0000,0000,0000,7F65,0000,0780,FF9A,1B0C,F333,01EC,FFEE,200A,7F65,7FFF,0800,21DB,179F,0000,0078,0800,5A30,2000,01A4,00C8,0002,0190,0040,0020,3977,0040,408A,0800,0063,4E20,4E20,0002,5208,1F40,0000,0050,0161,1E00,0200,1912,0300,0258,0190,1214,00C8,2D55,0100,0000,0000,0000,0000,0000,0000,0000,0000,0000,0000,0000,0000,0000,0000,0000,0000,0000,0000,0000,0000,0000,0000,0000,0000,0000,0000,0000,0000,0000,0000,0000,0000,0000,0000,0000,0000,0000,0000,0000,0000,0000,0000,0000,0000,0000,0000,0002,0002,0002,0002,0000,0000,0000,0000,0000,0000,0000,0000,0000,0000,0000,0000,0000,0000,0000,0000,0000,0000,0000,0000,0000,0000,0000,0000,0000,0000,0000,0000,0000,0000,0002,0002,0002,0002,FFFF
G14,HTC BH M100,5,4000,4000,0000,FEC9,8F47,FFFF,2000,0000,0C80,FF03,1B00,F333,01EC,FFEE,200A,7F65,0000,0000,0000,FFFF,2000,0000,0C80,FF03,2580,F333,01EC,FFEE,200A,7F65,7FFF,0800,21DB,179F,0000,0070,0800,3FD9,2000,01A4,00C8,0002,0190,0040,0020,3977,0040,408A,0800,0063,4E20,4E20,0002,5DC0,2A00,0000,0106,0161,1E00,02BC,1912,0300,0258,0190,1214,00C8,2D55,0100,FFFF,02AA,08F0,FCB2,E9E1,FC55,0986,3F16,FFFF,00AF,FC0F,FA5A,05E8,EBDD,002D,37DA,0000,0000,0000,0000,0000,0000,0000,0000,0000,0000,0000,0000,0000,0000,0000,0000,0000,0000,0000,0000,0000,0000,0000,0000,0000,0000,0000,0000,0000,0000,0002,0002,0002,0002,0000,0000,0000,0000,0000,0000,0000,0000,0000,0000,0000,0000,0000,0000,0000,0000,0000,0000,0000,0000,0000,0000,0000,0000,0000,0000,0000,0000,0000,0000,0002,0002,0002,0002,FFFF
G15,Qtek BH M100,5,4000,4000,0000,FEC9,8F47,FFFF,2000,0000,0C80,FF03,1B00,F333,01EC,FFEE,200A,7F65,0000,0000,0000,FFFF,2000,0000,0C80,FF03,2580,F333,01EC,FFEE,200A,7F65,7FFF,0800,21DB,179F,0000,0070,0800,3FD9,2000,01A4,00C8,0002,0190,0040,0020,3977,0040,408A,0800,0063,4E20,4E20,0002,5DC0,2A00,0000,0106,0161,1E00,02BC,1912,0300,0258,0190,1214,00C8,2D55,0100,FFFF,02AA,08F0,FCB2,E9E1,FC55,0986,3F16,FFFF,00AF,FC0F,FA5A,05E8,EBDD,002D,37DA,0000,0000,0000,0000,0000,0000,0000,0000,0000,0000,0000,0000,0000,0000,0000,0000,0000,0000,0000,0000,0000,0000,0000,0000,0000,0000,0000,0000,0000,0000,0002,0002,0002,0002,0000,0000,0000,0000,0000,0000,0000,0000,0000,0000,0000,0000,0000,0000,0000,0000,0000,0000,0000,0000,0000,0000,0000,0000,0000,0000,0000,0000,0000,0000,0002,0002,0002,0002,FFFF
G16,HTC BH M200,5,4000,4000,0000,5092,656E,0000,2000,0000,0780,FF9A,2080,F333,01EC,FFEE,200A,7F65,0000,ED00,0600,0000,2000,0000,0C80,FF9A,2080,F333,01EC,FFEE,200A,7F65,7FFF,0800,21DB,0000,0000,0078,0800,2000,2000,01A4,00C8,0002,0190,0040,0020,3977,0040,408A,0800,0063,4E20,4E20,0002,5DC0,2EE0,0000,0050,0161,1E00,02BC,1912,0300,0258,0190,1CA8,0300,2D55,0100,FFFF,0000,FFA1,FE78,FCB2,FAC4,F944,78BA,FFFF,0000,FFA1,FE78,FCB2,FAC4,F944,78BA,0000,0000,0000,0000,0000,0000,0000,0000,0000,0000,0000,0000,0000,0000,0000,0000,0000,0000,0000,0000,0000,0000,0000,0000,0000,0000,0000,0000,0000,0000,0002,0002,0002,0002,0000,0000,0000,0000,0000,0000,0000,0000,0000,0000,0000,0000,0000,0000,0000,0000,0000,0000,0000,0000,0000,0000,0000,0000,0000,0000,0000,0000,0000,0000,0002,0002,0002,0002,FFFF
G17,Motorola H350,5,4000,4000,0000,B460,CA62,FFFF,2000,0000,0C80,FF03,2300,F333,01EC,FFEE,200A,7F65,0000,0000,0000,FFFF,2000,0000,0F00,FF9A,2400,F333,01EC,FFEE,200A,7F65,7FFF,0800,21DB,179F,0000,0078,0800,2000,2000,01A4,00C8,0002,0190,0040,0020,3977,0040,408A,0800,0063,4E20,4E20,0002,5208,1F40,0000,0106,0161,1E00,0200,1912,0300,0258,0190,1214,00C8,2D55,0100,0000,0000,0000,0000,0000,0000,0000,0000,FFFF,00AF,FC0F,FA5A,05E8,EBDD,002D,37DA,0000,0000,0000,0000,0000,0000,0000,0000,0000,0000,0000,0000,0000,0000,0000,0000,0000,0000,0000,0000,0000,0000,0000,0000,0000,0000,0000,0000,0000,0000,0002,0002,0002,0002,0000,0000,0000,0000,0000,0000,0000,0000,0000,0000,0000,0000,0000,0000,0000,0000,0000,0000,0000,0000,0000,0000,0000,0000,0000,0000,0000,0000,0000,0000,0002,0002,0002,0002,FFFF
G18,HTC BH S100,5,4000,4000,0000,2D4E,5A67,FFFF,2000,0000,0F00,FF03,2580,F333,01EC,FFEE,200A,7F65,0000,0000,0000,0000,7F65,0000,0780,FF9A,1B0C,F333,01EC,FFEE,200A,7F65,7FFF,0800,21DB,179F,0000,0078,0800,5A30,2000,01A4,00C8,0002,0190,0040,0020,3977,0040,408A,0800,0063,4E20,4E20,0002,5208,1F40,0000,0050,0161,1E00,0200,1912,0300,0258,0190,1214,00C8,2D55,0100,FFFF,0000,0119,F9C7,0A89,F693,EF60,3DF9,FFFF,00AF,FC0F,FA5A,05E8,EBDD,002D,37DA,0000,0000,0000,0000,0000,0000,0000,0000,0000,0000,0000,0000,0000,0000,0000,0000,0000,0000,0000,0000,0000,0000,0000,0000,0000,0000,0000,0000,0000,0000,0002,0002,0002,0002,0000,0000,0000,0000,0000,0000,0000,0000,0000,0000,0000,0000,0000,0000,0000,0000,0000,0000,0000,0000,0000,0000,0000,0000,0000,0000,0000,0000,0000,0000,0002,0002,0002,0002,FFFF
G19,Jabra BT8040,5,4000,4000,0000,656E,5A67,FFFF,2000,0000,0780,FF9A,2100,F333,01EC,FFEE,200A,7F65,0000,ED00,0000,FFFF,2000,0000,0780,FF9A,2100,F333,01EC,FFEE,200A,7F65,7FFF,0800,21DB,0000,0000,01f5,0800,5A30,2000,01A4,00C8,0002,0190,0040,0020,3977,0040,408A,0800,0063,4E20,4E20,0002,5208,1F40,0000,0050,0161,1E00,0200,1912,0300,0258,0190,1CA8,00C8,2D55,0100,0000,0000,0000,0000,0000,0000,0000,0000,0000,0000,0000,0000,0000,0000,0000,0000,0000,0000,0000,0000,0000,0000,0000,0000,0000,0000,0000,0000,0000,0000,0000,0000,0000,0000,0000,0000,0000,0000,0000,0000,0000,0000,0000,0000,0000,0000,0002,0002,0002,0002,0000,0000,0000,0000,0000,0000,0000,0000,0000,0000,0000,0000,0000,0000,0000,0000,0000,0000,0000,0000,0000,0000,0000,0000,0000,0000,0000,0000,0000,0000,0002,0002,0002,0002,FFFF
G20,Jabra BT620s,5,4000,4000,0000,5A67,7FB2,FFFF,4000,0000,1280,FF03,1B00,F333,01EC,FFEE,200A,7F65,0000,0000,0000,FFFF,2000,0000,0C80,FF9A,2100,F333,01EC,FFEE,200A,7F65,7FFF,0800,21DB,149F,0000,01C2,0800,2000,2000,01A4,0190,0002,0190,0040,0020,3977,0040,408A,0800,0063,4E20,4E20,0002,5208,1F40,0000,0050,0161,1E00,0200,1912,0300,0258,0190,1CA8,00C8,2D55,0100,FFFF,0000,FF01,FD45,FB99,FA2E,F931,3F6B,FFFF,00AF,FC0F,FA5A,05E8,EBDD,002D,37DA,0000,0000,0000,0000,0000,0000,0000,0000,0000,0000,0000,0000,0000,0000,0000,0000,0000,0000,0000,0000,0000,0000,0000,0000,0000,0000,0000,0000,0000,0000,0002,0002,0002,0002,0000,0000,0000,0000,0000,0000,0000,0000,0000,0000,0000,0000,0000,0000,0000,0000,0000,0000,0000,0000,0000,0000,0000,0000,0000,0000,0000,0000,0000,0000,0002,0002,0002,0002,FFFF
G21,Jabra BT8010,5,4000,4000,0000,5A67,4000,FFFF,4000,0000,1180,FF03,1E00,F333,01EC,FFEE,200A,7F65,0000,0000,0000,FFFF,5000,0000,1280,FF03,2400,F333,01EC,FFEE,200A,7F65,7FFF,0800,21DB,0000,0000,0078,0800,2000,2000,01A4,00C8,0002,0190,0040,0020,3977,0040,408A,0800,0063,4E20,4E20,0002,5DC0,2EE0,0000,0050,0161,1E00,02BC,1912,0300,0258,0190,1CA8,0300,2D55,0100,0000,0000,0000,0000,0000,0000,0000,0000,FFFF,0013,FFDC,FDAA,FF4E,F955,FA96,3EBE,0000,0000,0000,0000,0000,0000,0000,0000,0000,0000,0000,0000,0000,0000,0000,0000,0000,0000,0000,0000,0000,0000,0000,0000,0000,0000,0000,0000,0000,0000,0002,0002,0002,0002,0000,0000,0000,0000,0000,0000,0000,0000,0000,0000,0000,0000,0000,0000,0000,0000,0000,0000,0000,0000,0000,0000,0000,0000,0000,0000,0000,0000,0000,0000,0002,0002,0002,0002,FFFF
G22,HBH-DS970,5,4000,4000,0000,7FB2,FEC9,FFFF,2000,0000,1180,FF03,1E00,F333,01EC,FFEE,200A,7F65,0000,0000,0000,0000,7F65,0000,0780,FF9A,1B0C,F333,01EC,FFEE,200A,7F65,7FFF,0800,21DB,0000,0000,0078,0800,2000,2000,01A4,00C8,0002,0190,0040,0020,3977,0040,408A,0800,0063,4E20,4E20,0002,5DC0,2EE0,0000,0050,0161,1E00,02BC,1912,0300,0258,0190,1214,0300,2D55,0100,0000,0000,0000,0000,0000,0000,0000,0000,0000,0000,0000,0000,0000,0000,0000,0000,0000,0000,0000,0000,0000,0000,0000,0000,0000,0000,0000,0000,0000,0000,0000,0000,0000,0000,0000,0000,0000,0000,0000,0000,0000,0000,0000,0000,0000,0000,0002,0002,0002,0002,0000,0000,0000,0000,0000,0000,0000,0000,0000,0000,0000,0000,0000,0000,0000,0000,0000,0000,0000,0000,0000,0000,0000,0000,0000,0000,0000,0000,0000,0000,0002,0002,0002,0002,FFFF
G23,590Plantronics,5,4000,4000,0000,7FB2,4000,FFFF,3000,0000,0780,FF03,2400,F333,01EC,FFEE,200A,7F65,0000,ED00,0600,FFFF,2000,0000,0C80,FF03,2400,F333,01EC,FFEE,200A,7F65,7FFF,0800,21DB,149F,0000,0078,0800,5A30,2000,01A4,00C8,0002,0190,0040,0020,3977,0040,408A,0800,0063,4E20,4E20,0002,5DC0,2EE0,0000,0050,0161,1E00,02BC,1912,0300,0258,0190,1CA8,0300,2D55,0100,FFFF,F76E,FD79,FD34,FCFB,FCCF,FCB3,3F6B,FFFF,0013,ffdc,fdaa,ff4e,f955,fa96,3ebe,0000,0000,0000,0000,0000,0000,0000,0000,0000,0000,0000,0000,0000,0000,0000,0000,0000,0000,0000,0000,0000,0000,0000,0000,0000,0000,0000,0000,0000,0000,0002,0002,0002,0002,0000,0000,0000,0000,0000,0000,0000,0000,0000,0000,0000,0000,0000,0000,0000,0000,0000,0000,0000,0000,0000,0000,0000,0000,0000,0000,0000,0000,0000,0000,0002,0002,0002,0002,FFFF
G24,Audi UHV 6384,5,4000,4000,0000,7FB2,4000,0000,2000,0000,0780,FF9A,2080,F333,01EC,FFEE,200A,7F65,0000,ED00,0600,0000,2000,0000,0C80,FF9A,2080,F333,01EC,FFEE,200A,7F65,7FFF,0800,21DB,0000,0000,0078,0800,2000,2000,01A4,00C8,0002,0190,0040,0020,3977,0040,408A,0800,0063,4E20,4E20,0002,5DC0,2EE0,0000,0106,0161,1E00,02BC,1912,0300,0258,0190,1CA8,0300,2D55,0100,FFFF,0000,FFA1,FE78,FCB2,FAC4,F944,78BA,0000,0000,FFC1,FEFD,FDD1,FC8B,FB8D,7B32,0000,0000,0000,0000,0000,0000,0000,0000,0000,0000,0000,0000,0000,0000,0000,0000,0000,0000,0000,0000,0000,0000,0000,0000,0000,0000,0000,0000,0000,0000,0002,0002,0002,0002,0000,0000,0000,0000,0000,0000,0000,0000,0000,0000,0000,0000,0000,0000,0000,0000,0000,0000,0000,0000,0000,0000,0000,0000,0000,0000,0000,0000,0000,0000,0002,0002,0002,0002,FFFF
G25,BlueConnect(tm),5,4000,4000,0000,5A67,4000,0000,2000,0000,0780,FF9A,2100,F333,01EC,FFEE,200A,7F65,0000,ED00,0600,0000,2000,0000,0C80,FF9A,2100,F333,01EC,FFEE,200A,7F65,7FFF,0800,21DB,0000,0000,0078,0800,2000,2000,01A4,00C8,0002,0190,0040,0020,3977,0040,408A,0800,0063,4E20,4E20,0002,5DC0,2EE0,0000,0106,0161,1E00,02BC,1912,0300,0258,0190,1CA8,0300,2D55,0100,0000,0000,0000,0000,0000,0000,0000,0000,0000,0000,0000,0000,0000,0000,0000,0000,0000,0000,0000,0000,0000,0000,0000,0000,0000,0000,0000,0000,0000,0000,0000,0000,0000,0000,0000,0000,0000,0000,0000,0000,0000,0000,0000,0000,0000,0000,0002,0002,0002,0002,0000,0000,0000,0000,0000,0000,0000,0000,0000,0000,0000,0000,0000,0000,0000,0000,0000,0000,0000,0000,0000,0000,0000,0000,0000,0000,0000,0000,0000,0000,0002,0002,0002,0002,FFFF
G26,HandsFreeLink TM,5,4000,4000,0000,5A67,4000,0000,2000,0000,0780,FF9A,2100,F333,01EC,FFEE,200A,7F65,0000,ED00,0600,0000,2000,0000,0C80,FF9A,2100,F333,01EC,FFEE,200A,7F65,7FFF,0800,21DB,0000,0000,0078,0800,2000,2000,01A4,00C8,0002,0190,0040,0020,3977,0040,408A,0800,0063,4E20,4E20,0002,5DC0,2EE0,0000,0106,0161,1E00,02BC,1912,0300,0258,0190,1CA8,0300,2D55,0100,0000,0000,0000,0000,0000,0000,0000,0000,0000,0000,0000,0000,0000,0000,0000,0000,0000,0000,0000,0000,0000,0000,0000,0000,0000,0000,0000,0000,0000,0000,0000,0000,0000,0000,0000,0000,0000,0000,0000,0000,0000,0000,0000,0000,0000,0000,0002,0002,0002,0002,0000,0000,0000,0000,0000,0000,0000,0000,0000,0000,0000,0000,0000,0000,0000,0000,0000,0000,0000,0000,0000,0000,0000,0000,0000,0000,0000,0000,0000,0000,0002,0002,0002,0002,FFFF
G27,Parrot 3400LS,5,4000,4000,0000,7FB2,4000,0000,2000,0000,0780,FF9A,1B0C,F333,01EC,FFEE,200A,7F65,0000,ED00,0600,0000,2000,0000,0780,FF9A,1B0C,F333,01EC,FFEE,200A,7F65,7FFF,0800,21DB,0000,0000,0078,0800,2000,2000,01A4,00C8,0002,0190,0040,0020,3977,0040,408A,0800,0063,4E20,4E20,0002,5DC0,2EE0,0000,0106,0161,1E00,02BC,1912,0300,0258,0190,1CA8,0300,2D55,0100,0000,0000,0000,0000,0000,0000,0000,0000,0000,0000,0000,0000,0000,0000,0000,0000,0000,0000,0000,0000,0000,0000,0000,0000,0000,0000,0000,0000,0000,0000,0000,0000,0000,0000,0000,0000,0000,0000,0000,0000,0000,0000,0000,0000,0000,0000,0002,0002,0002,0002,0000,0000,0000,0000,0000,0000,0000,0000,0000,0000,0000,0000,0000,0000,0000,0000,0000,0000,0000,0000,0000,0000,0000,0000,0000,0000,0000,0000,0000,0000,0002,0002,0002,0002,FFFF
G28,BMW,5,4000,4000,0000,7FB2,4000,0000,2000,0000,0780,FF9A,2080,F333,01EC,FFEE,200A,7F65,0000,ED00,0600,0000,2000,0000,0C80,FF9A,2080,F333,01EC,FFEE,200A,7F65,7FFF,0800,21DB,0000,0000,0078,0800,2000,2000,01A4,00C8,0002,0190,0040,0020,3977,0040,408A,0800,0063,4E20,4E20,0002,5DC0,2EE0,0000,0106,0161,1E00,02BC,1912,0300,0258,0190,1CA8,0300,2D55,0100,FFFF,0000,FFA1,FE78,FCB2,FAC4,F944,78BA,FFFF,0000,FFA1,FE78,FCB2,FAC4,F944,78BA,0000,0000,0000,0000,0000,0000,0000,0000,0000,0000,0000,0000,0000,0000,0000,0000,0000,0000,0000,0000,0000,0000,0000,0000,0000,0000,0000,0000,0000,0000,0002,0002,0002,0002,0000,0000,0000,0000,0000,0000,0000,0000,0000,0000,0000,0000,0000,0000,0000,0000,0000,0000,0000,0000,0000,0000,0000,0000,0000,0000,0000,0000,0000,0000,0002,0002,0002,0002,FFFF
G29,Jabra BT350,5,4000,4000,0000,4000,5A67,0000,7F65,0000,0780,FF9A,1B0C,F333,01EC,FFEE,200A,7F65,0000,ED00,0000,0000,7F65,0000,0780,FF9A,1B0C,F333,01EC,FFEE,200A,7F65,7FFF,0800,21DB,179F,0000,0078,0800,5A30,2000,01A4,00C8,0002,0190,0040,0020,3977,0040,408A,0800,0063,4E20,4E20,0002,5208,1F40,0000,0050,0161,1E00,0200,1912,0300,0258,0190,1CA8,00C8,2D55,0100,0000,0000,0000,0000,0000,0000,0000,0000,0000,0000,0000,0000,0000,0000,0000,0000,0000,0000,0000,0000,0000,0000,0000,0000,0000,0000,0000,0000,0000,0000,0000,0000,0000,0000,0000,0000,0000,0000,0000,0000,0000,0000,0000,0000,0000,0000,0002,0002,0002,0002,0000,0000,0000,0000,0000,0000,0000,0000,0000,0000,0000,0000,0000,0000,0000,0000,0000,0000,0000,0000,0000,0000,0000,0000,0000,0000,0000,0000,0000,0000,0002,0002,0002,0002,FFFF
G30,HBH-608,5,4000,4000,0000,4000,656E,0000,7F65,0000,0780,FF9A,1B0C,F333,01EC,FFEE,200A,7F65,0000,ED00,0000,0000,7F65,0000,0780,FF9A,1B0C,F333,01EC,FFEE,200A,7F65,7FFF,0800,21DB,179F,0000,0070,0800,5A30,2000,01A4,00C8,0002,0190,0040,0020,3977,0040,408A,0800,0063,4E20,4E20,0002,5208,1F40,0000,0050,0161,1E00,0200,1912,0300,0258,0190,1CA8,00C8,2D55,0100,0000,0000,0000,0000,0000,0000,0000,0000,0000,0000,0000,0000,0000,0000,0000,0000,0000,0000,0000,0000,0000,0000,0000,0000,0000,0000,0000,0000,0000,0000,0000,0000,0000,0000,0000,0000,0000,0000,0000,0000,0000,0000,0000,0000,0000,0000,0002,0002,0002,0002,0000,0000,0000,0000,0000,0000,0000,0000,0000,0000,0000,0000,0000,0000,0000,0000,0000,0000,0000,0000,0000,0000,0000,0000,0000,0000,0000,0000,0000,0000,0002,0002,0002,0002,FFFF
G31,Jabra BT 250v,5,4000,4000,0000,4000,5A67,FFFF,3000,0000,0C80,FF9A,2300,F333,01EC,FFEE,200A,7F65,0000,ED00,0000,0000,7F65,0000,0780,FF9A,1B0C,F333,01EC,FFEE,200A,7F65,7FFF,0800,21DB,179F,0000,0078,0800,5A30,2000,01A4,00C8,0002,0190,0040,0020,3977,0040,408A,0800,0063,4E20,4E20,0002,5208,1F40,0000,0050,0161,1E00,0200,1912,0300,0258,0190,1CA8,00C8,2D55,0100,0000,0000,0000,0000,0000,0000,0000,0000,0000,0000,0000,0000,0000,0000,0000,0000,0000,0000,0000,0000,0000,0000,0000,0000,0000,0000,0000,0000,0000,0000,0000,0000,0000,0000,0000,0000,0000,0000,0000,0000,0000,0000,0000,0000,0000,0000,0002,0002,0002,0002,0000,0000,0000,0000,0000,0000,0000,0000,0000,0000,0000,0000,0000,0000,0000,0000,0000,0000,0000,0000,0000,0000,0000,0000,0000,0000,0000,0000,0000,0000,0002,0002,0002,0002,FFFF
G32,Motorola HT820,5,4000,4000,0000,71CF,7FB2,FFFF,2000,0000,0780,FF9A,2100,F333,01EC,FFEE,200A,7F65,0000,ED00,0000,FFFF,2000,0000,0780,FF9A,2100,F333,01EC,FFEE,200A,7F65,7FFF,0800,21DB,0000,0000,0078,0800,5A30,2000,01A4,00C8,0002,0190,0040,0020,3977,0040,408A,0800,0063,4E20,4E20,0002,5208,1F40,0000,0050,0161,1E00,0200,1912,0300,0258,0190,1CA8,00C8,2D55,0100,0000,0000,0000,0000,0000,0000,0000,0000,0000,0000,0000,0000,0000,0000,0000,0000,0000,0000,0000,0000,0000,0000,0000,0000,0000,0000,0000,0000,0000,0000,0000,0000,0000,0000,0000,0000,0000,0000,0000,0000,0000,0000,0000,0000,0000,0000,0002,0002,0002,0002,0000,0000,0000,0000,0000,0000,0000,0000,0000,0000,0000,0000,0000,0000,0000,0000,0000,0000,0000,0000,0000,0000,0000,0000,0000,0000,0000,0000,0000,0000,0002,0002,0002,0002,FFFF
G33,3XXPlantronics,5,4000,4000,0000,390A,5A67,0000,7F65,0000,0780,FF9A,1B0C,F333,01EC,FFEE,200A,7F65,0000,ED00,0000,FFFF,2000,0000,0C80,FF9A,2100,F333,01EC,FFEE,200A,7F65,7FFF,0800,21DB,179F,0000,0078,0800,5A30,2000,01A4,00C8,0002,0190,0040,0020,3977,0040,408A,0800,0063,4E20,4E20,0002,5208,1F40,0000,0050,0161,1E00,0200,1912,0300,0258,0190,1214,00C8,2D55,0100,0000,0000,0000,0000,0000,0000,0000,0000,0000,0000,0000,0000,0000,0000,0000,0000,0000,0000,0000,0000,0000,0000,0000,0000,0000,0000,0000,0000,0000,0000,0000,0000,0000,0000,0000,0000,0000,0000,0000,0000,0000,0000,0000,0000,0000,0000,0002,0002,0002,0002,0000,0000,0000,0000,0000,0000,0000,0000,0000,0000,0000,0000,0000,0000,0000,0000,0000,0000,0000,0000,0000,0000,0000,0000,0000,0000,0000,0000,0000,0000,0002,0002,0002,0002,FFFF
G34,6XXPlantronics,5,4000,4000,0000,4000,5A67,FFFF,2000,0000,0780,FF9A,2180,F333,01EC,FFEE,200A,7F65,0000,ED00,0000,0000,2000,0000,0C80,FF9A,2100,F333,01EC,FFEE,200A,7F65,7FFF,0800,21DB,0000,0000,0078,0800,5A30,2000,01A4,00C8,0002,0190,0040,0020,3977,0040,408A,0800,0063,4E20,4E20,0002,5208,1F40,0000,0050,0161,1E00,0200,1912,0300,0258,0190,1214,00C8,2D55,0100,0000,0000,0000,0000,0000,0000,0000,0000,0000,0000,0000,0000,0000,0000,0000,0000,0000,0000,0000,0000,0000,0000,0000,0000,0000,0000,0000,0000,0000,0000,0000,0000,0000,0000,0000,0000,0000,0000,0000,0000,0000,0000,0000,0000,0000,0000,0002,0002,0002,0002,0000,0000,0000,0000,0000,0000,0000,0000,0000,0000,0000,0000,0000,0000,0000,0000,0000,0000,0000,0000,0000,0000,0000,0000,0000,0000,0000,0000,0000,0000,0002,0002,0002,0002,FFFF
G35,SAMSUNG WEP170,5,4000,4000,0000,4000,5A67,FFFF,2000,0000,0780,FF9A,1D00,F333,01EC,FFEE,200A,7F65,0000,ED00,0000,0000,7F65,0000,0780,FF9A,1B0C,F333,01EC,FFEE,200A,7F65,7FFF,0800,21DB,179F,0000,0078,0800,5A30,2000,01A4,00C8,0002,0190,0040,0020,3977,0040,408A,0800,0063,4E20,4E20,0002,5208,1F40,0000,0050,0161,1E00,0200,1912,0300,0258,0190,1214,00C8,2D55,0100,0000,0000,0000,0000,0000,0000,0000,0000,0000,0000,0000,0000,0000,0000,0000,0000,0000,0000,0000,0000,0000,0000,0000,0000,0000,0000,0000,0000,0000,0000,0000,0000,0000,0000,0000,0000,0000,0000,0000,0000,0000,0000,0000,0000,0000,0000,0002,0002,0002,0002,0000,0000,0000,0000,0000,0000,0000,0000,0000,0000,0000,0000,0000,0000,0000,0000,0000,0000,0000,0000,0000,0000,0000,0000,0000,0000,0000,0000,0000,0000,0002,0002,0002,0002,FFFF
G36,Jawbone,5,4000,4000,0000,4000,7FB2,0000,7F65,0000,0780,FF9A,1B0C,F333,01EC,FFEE,200A,7F65,0000,ED00,0000,0000,2000,0000,0C80,FF9A,2100,F333,01EC,FFEE,200A,7F65,7FFF,0800,21DB,0000,0000,0078,0800,5A30,2000,01A4,00C8,0002,0190,0040,0020,3977,0040,408A,0800,0063,4E20,4E20,0002,5208,1F40,0000,0050,0161,1E00,0200,1912,0300,0258,0190,1214,00C8,2D55,0100,0000,0000,0000,0000,0000,0000,0000,0000,0000,0000,0000,0000,0000,0000,0000,0000,0000,0000,0000,0000,0000,0000,0000,0000,0000,0000,0000,0000,0000,0000,0000,0000,0000,0000,0000,0000,0000,0000,0000,0000,0000,0000,0000,0000,0000,0000,0002,0002,0002,0002,0000,0000,0000,0000,0000,0000,0000,0000,0000,0000,0000,0000,0000,0000,0000,0000,0000,0000,0000,0000,0000,0000,0000,0000,0000,0000,0000,0000,0000,0000,0002,0002,0002,0002,FFFF
G37,Nokia HS-26W,5,4000,4000,0000,4000,8F47,0000,7F65,0000,0780,FF9A,1B0C,F333,01EC,FFEE,200A,7F65,0000,ED00,0000,0000,7F65,0000,0780,FF9A,1B0C,F333,01EC,FFEE,200A,7F65,7FFF,0800,21DB,149F,0000,0078,0800,5A30,2000,01A4,00C8,0002,0190,0040,0020,3977,0040,408A,0800,0063,4E20,4E20,0002,5208,1F40,0000,0050,0161,1E00,0200,1912,0300,0258,0190,1CA8,00C8,2D55,0100,0000,0000,0000,0000,0000,0000,0000,0000,0000,0000,0000,0000,0000,0000,0000,0000,0000,0000,0000,0000,0000,0000,0000,0000,0000,0000,0000,0000,0000,0000,0000,0000,0000,0000,0000,0000,0000,0000,0000,0000,0000,0000,0000,0000,0000,0000,0002,0002,0002,0002,0000,0000,0000,0000,0000,0000,0000,0000,0000,0000,0000,0000,0000,0000,0000,0000,0000,0000,0000,0000,0000,0000,0000,0000,0000,0000,0000,0000,0000,0000,0002,0002,0002,0002,FFFF
G38,Nokia 616,5,4000,4000,0000,4000,197A,0000,7F65,0000,0780,FF9A,1B0C,F333,01EC,FFEE,200A,7F65,0000,ED00,0000,0000,7F65,0000,0780,FF9A,1B0C,F333,01EC,FFEE,200A,7F65,7FFF,0800,21DB,0004,0000,0078,0800,5A30,2000,01A4,00C8,0002,0190,0040,0020,3977,0040,408A,0800,0063,4E20,4E20,0002,5208,1F40,0000,0050,0161,1E00,0200,1912,0300,0258,0190,1214,00C8,2D55,0100,0000,0000,0000,0000,0000,0000,0000,0000,0000,0000,0000,0000,0000,0000,0000,0000,0000,0000,0000,0000,0000,0000,0000,0000,0000,0000,0000,0000,0000,0000,0000,0000,0000,0000,0000,0000,0000,0000,0000,0000,0000,0000,0000,0000,0000,0000,0002,0002,0002,0002,0000,0000,0000,0000,0000,0000,0000,0000,0000,0000,0000,0000,0000,0000,0000,0000,0000,0000,0000,0000,0000,0000,0000,0000,0000,0000,0000,0000,0000,0000,0002,0002,0002,0002,FFFF
G39,Nokia BH-902,5,4000,4000,0000,5092,8F45,FFFF,2000,0000,0F00,FF4D,1B0C,F333,01EC,FFEE,200A,7F65,0000,ED00,0000,0000,7F65,0000,0780,FF9A,1B0C,F333,01EC,FFEE,200A,7F65,7FFF,0800,21DB,0004,0000,0078,0800,5A30,2000,01A4,00C8,0002,0190,0040,0020,3977,0040,408A,0800,0063,4E20,4E20,0002,5208,1F40,0000,0050,0161,1E00,0200,1912,0300,0258,0190,1214,00C8,2D55,0100,FFFF,0122,FCBA,00B5,FBBA,FBB1,F794,3E18,FFFF,FE85,FF3C,02EC,FDCA,FA2F,F68E,3DC9,0000,0000,0000,0000,0000,0000,0000,0000,0000,0000,0000,0000,0000,0000,0000,0000,0000,0000,0000,0000,0000,0000,0000,0000,0000,0000,0000,0000,0000,0000,0002,0002,0002,0002,0000,0000,0000,0000,0000,0000,0000,0000,0000,0000,0000,0000,0000,0000,0000,0000,0000,0000,0000,0000,0000,0000,0000,0000,0000,0000,0000,0000,0000,0000,0002,0002,0002,0002,FFFF
G40,HCB-150,5,4000,4000,0000,5A67,23FD,FFFF,2000,0000,0780,FF9A,2280,F333,01EC,FFEE,200A,7F65,0000,ED00,0000,0000,7F65,0000,0780,FF9A,1B0C,F333,01EC,FFEE,200A,7F65,7FFF,0800,21DB,149F,0000,0078,0800,5A30,2000,01A4,00C8,0002,0190,0040,0020,3977,0040,408A,0800,0063,4E20,4E20,0002,5208,1F40,0000,0050,0161,1E00,0200,1912,0300,0258,0190,1214,00C8,2D55,0100,0000,0000,0000,0000,0000,0000,0000,0000,0000,0000,0000,0000,0000,0000,0000,0000,0000,0000,0000,0000,0000,0000,0000,0000,0000,0000,0000,0000,0000,0000,0000,0000,0000,0000,0000,0000,0000,0000,0000,0000,0000,0000,0000,0000,0000,0000,0002,0002,0002,0002,0000,0000,0000,0000,0000,0000,0000,0000,0000,0000,0000,0000,0000,0000,0000,0000,0000,0000,0000,0000,0000,0000,0000,0000,0000,0000,0000,0000,0000,0000,0002,0002,0002,0002,FFFF
G41,Motorola H670,5,4000,4000,0000,CA62,71CF,FFFF,2000,0000,0C80,FF03,1E2B,F333,01EC,FFEE,200A,7F65,0000,ED00,0000,0000,7F65,0000,0780,FF9A,1B0C,F333,01EC,FFEE,200A,7F65,7FFF,0800,21DB,179F,0000,0078,0800,5A30,2000,01A4,00C8,0002,0190,0040,0020,3977,0040,408A,0800,0063,4E20,4E20,0002,5208,1F40,0000,0050,0161,1E00,0200,1912,0300,0258,0190,1214,00C8,2D55,0100,0000,0000,0000,0000,0000,0000,0000,0000,0000,0000,0000,0000,0000,0000,0000,0000,0000,0000,0000,0000,0000,0000,0000,0000,0000,0000,0000,0000,0000,0000,0000,0000,0000,0000,0000,0000,0000,0000,0000,0000,0000,0000,0000,0000,0000,0000,0002,0002,0002,0002,0000,0000,0000,0000,0000,0000,0000,0000,0000,0000,0000,0000,0000,0000,0000,0000,0000,0000,0000,0000,0000,0000,0000,0000,0000,0000,0000,0000,0000,0000,0002,0002,0002,0002,FFFF
G42,HBH-IV840,5,4000,4000,0000,4000,5092,FFFF,2000,0000,0F00,FF4D,2400,F333,01EC,FFEE,200A,7F65,0000,ED00,0000,0000,7F65,0000,0780,FF9A,1B0C,F333,01EC,FFEE,200A,7F65,7FFF,0800,21DB,0004,0000,0078,0800,5A30,2000,01A4,00C8,0002,0190,0040,0020,3977,0040,408A,0800,0063,4E20,4E20,0002,5208,1F40,0000,0050,0161,1E00,0200,1912,0300,0258,0190,1214,00C8,2D55,0100,0000,0000,0000,0000,0000,0000,0000,0000,0000,0000,0000,0000,0000,0000,0000,0000,0000,0000,0000,0000,0000,0000,0000,0000,0000,0000,0000,0000,0000,0000,0000,0000,0000,0000,0000,0000,0000,0000,0000,0000,0000,0000,0000,0000,0000,0000,0002,0002,0002,0002,0000,0000,0000,0000,0000,0000,0000,0000,0000,0000,0000,0000,0000,0000,0000,0000,0000,0000,0000,0000,0000,0000,0000,0000,0000,0000,0000,0000,0000,0000,0002,0002,0002,0002,FFFF
G43,HBH-DS980,5,4000,4000,0000,4000,A0C2,FFFF,2000,0000,0F00,FF4D,2400,F333,01EC,FFEE,200A,7F65,0000,ED00,0000,0000,7F65,0000,0780,FF9A,1B0C,F333,01EC,FFEE,200A,7F65,7FFF,0800,21DB,0004,0000,0078,0800,5A30,2000,01A4,00C8,0002,0190,0040,0020,3977,0040,408A,0800,0063,4E20,4E20,0002,5208,1F40,0000,0050,0161,1E00,0200,1912,0300,0258,0190,1214,00C8,2D55,0100,0000,0000,0000,0000,0000,0000,0000,0000,0000,0000,0000,0000,0000,0000,0000,0000,0000,0000,0000,0000,0000,0000,0000,0000,0000,0000,0000,0000,0000,0000,0000,0000,0000,0000,0000,0000,0000,0000,0000,0000,0000,0000,0000,0000,0000,0000,0002,0002,0002,0002,0000,0000,0000,0000,0000,0000,0000,0000,0000,0000,0000,0000,0000,0000,0000,0000,0000,0000,0000,0000,0000,0000,0000,0000,0000,0000,0000,0000,0000,0000,0002,0002,0002,0002,FFFF
G44,HBH-PV710,5,4000,4000,0000,656E,143D,FFFF,2000,0000,0F00,FF4D,2400,F333,01EC,FFEE,200A,7F65,0000,ED00,0000,0000,7F65,0000,0780,FF9A,1B0C,F333,01EC,FFEE,200A,7F65,7FFF,0800,21DB,169F,0000,0045,0800,5A30,2000,01A4,00C8,0002,0190,0040,0020,3977,0040,408A,0800,0063,4E20,4E20,0002,5208,1F40,0000,0050,0161,1E00,0200,1912,0300,0258,0190,1000,00C8,2D55,0100,0000,0000,0000,0000,0000,0000,0000,0000,0000,0000,0000,0000,0000,0000,0000,0000,0000,0000,0000,0000,0000,0000,0000,0000,0000,0000,0000,0000,0000,0000,0000,0000,0000,0000,0000,0000,0000,0000,0000,0000,0000,0000,0000,0000,0000,0000,0002,0002,0002,0002,0000,0000,0000,0000,0000,0000,0000,0000,0000,0000,0000,0000,0000,0000,0000,0000,0000,0000,0000,0000,0000,0000,0000,0000,0000,0000,0000,0000,0000,0000,0002,0002,0002,0002,FFFF
G45,HBM-300,5,4000,4000,0000,CA62,A0C2,FFFF,2000,0000,0C80,FF4D,2400,F333,01EC,FFEE,200A,7F65,0000,ED00,0000,0000,7F65,0000,0780,FF9A,1B0C,F333,01EC,FFEE,200A,7F65,7FFF,0800,21DB,169F,0000,0050,0800,5A30,2000,01A4,00C8,0002,0190,0040,0020,3977,0040,408A,0800,0063,4E20,4E20,0002,5208,1F40,0000,0050,0161,1E00,0200,1912,0300,0258,0190,1000,00C8,2D55,0100,FFFF,007A,FFE1,FF93,000A,FB1E,EE26,3A66,FFFF,FF44,007F,FFA2,FD3E,FEF7,EB59,38C7,0000,0000,0000,0000,0000,0000,0000,0000,0000,0000,0000,0000,0000,0000,0000,0000,0000,0000,0000,0000,0000,0000,0000,0000,0000,0000,0000,0000,0000,0000,0002,0002,0002,0002,0000,0000,0000,0000,0000,0000,0000,0000,0000,0000,0000,0000,0000,0000,0000,0000,0000,0000,0000,0000,0000,0000,0000,0000,0000,0000,0000,0000,0000,0000,0002,0002,0002,0002,FFFF
G46,Nokia BH-208,5,4000,4000,0000,E314,390A,FFFF,2000,0000,0C80,FF4D,1B0C,F333,01EC,FFEE,200A,7F65,0000,ED00,0000,0000,7F65,0000,0780,FF9A,1B0C,F333,01EC,FFEE,200A,7F65,7FFF,0800,21DB,169F,0000,0088,0800,5A30,2000,01A4,00C8,0002,0190,0040,0020,3977,0040,408A,0800,0063,4E20,4E20,0002,5208,1F40,0000,0050,0161,1E00,0200,1912,0300,0258,0190,1CA8,00C8,2D55,0100,FFFF,FF11,FFBB,00EB,FC95,FB6A,F005,3B4C,FFFF,0054,FD4C,FD31,FD1A,0A53,EB53,3698,0000,0000,0000,0000,0000,0000,0000,0000,0000,0000,0000,0000,0000,0000,0000,0000,0000,0000,0000,0000,0000,0000,0000,0000,0000,0000,0000,0000,0000,0000,0002,0002,0002,0002,0000,0000,0000,0000,0000,0000,0000,0000,0000,0000,0000,0000,0000,0000,0000,0000,0000,0000,0000,0000,0000,0000,0000,0000,0000,0000,0000,0000,0000,0000,0002,0002,0002,0002,FFFF
G47,HBH-DS220,5,4000,4000,0000,AC02,32D6,0000,7F65,0000,0780,FF9A,1B0C,F333,01EC,FFEE,200A,7F65,0000,ED00,0000,0000,7F65,0000,0780,FF9A,1B0C,F333,01EC,FFEE,200A,7F65,7FFF,0800,21DB,0000,0000,0078,0800,5A30,2000,01A4,00C8,0002,0190,0040,0020,3977,0040,408A,0800,0063,4E20,4E20,0002,5208,1F40,0000,0050,0161,1E00,0200,1912,0300,0258,0190,1CA8,00C8,2D55,0100,FFFF,FC3E,FF39,FCAF,0124,EF32,FA77,3A72,FFFF,FCAB,FDA5,FAE8,F94A,0FA6,EBBF,3318,0000,0000,0000,0000,0000,0000,0000,0000,0000,0000,0000,0000,0000,0000,0000,0000,0000,0000,0000,0000,0000,0000,0000,0000,0000,0000,0000,0000,0000,0000,0002,0002,0002,0002,0000,0000,0000,0000,0000,0000,0000,0000,0000,0000,0000,0000,0000,0000,0000,0000,0000,0000,0000,0000,0000,0000,0000,0000,0000,0000,0000,0000,0000,0000,0002,0002,0002,0002,FFFF
G48,Samsung WEP200,5,4000,4000,0000,5A67,5A67,0000,7F65,0000,0780,FF9A,1B0C,F333,01EC,FFEE,200A,7F65,0000,ED00,0000,0000,7F65,0000,0780,FF9A,1B0C,F333,01EC,FFEE,200A,7F65,7FFF,0800,21DB,179F,0000,0078,0800,5A30,2000,01A4,00C8,0002,0190,0040,0020,3977,0040,408A,0800,0063,4E20,4E20,0002,5208,1F40,0000,0050,0161,1E00,0200,1912,0300,0258,0190,1CA8,00C8,2D55,0100,0000,0000,0000,0000,0000,0000,0000,0000,0000,0000,0000,0000,0000,0000,0000,0000,0000,0000,0000,0000,0000,0000,0000,0000,0000,0000,0000,0000,0000,0000,0000,0000,0000,0000,0000,0000,0000,0000,0000,0000,0000,0000,0000,0000,0000,0000,0002,0002,0002,0002,0000,0000,0000,0000,0000,0000,0000,0000,0000,0000,0000,0000,0000,0000,0000,0000,0000,0000,0000,0000,0000,0000,0000,0000,0000,0000,0000,0000,0000,0000,0002,0002,0002,0002,FFFF
G49,Parrot 3200LS,5,4000,4000,0000,4000,5A67,0000,7F65,0000,0780,FF9A,1B0C,F333,01EC,FFEE,200A,7F65,0000,ED00,0000,0000,7F65,0000,0780,FF9A,1B0C,F333,01EC,FFEE,200A,7F65,7FFF,0800,21DB,0000,0000,0078,0800,5A30,2000,01A4,00C8,0002,0190,0040,0020,3977,0040,408A,0800,0063,4E20,4E20,0002,5208,1F40,0000,0050,0161,1E00,0200,1912,0300,0258,0190,1CA8,00C8,2D55,0100,0000,0000,0000,0000,0000,0000,0000,0000,0000,0000,0000,0000,0000,0000,0000,0000,0000,0000,0000,0000,0000,0000,0000,0000,0000,0000,0000,0000,0000,0000,0000,0000,0000,0000,0000,0000,0000,0000,0000,0000,0000,0000,0000,0000,0000,0000,0002,0002,0002,0002,0000,0000,0000,0000,0000,0000,0000,0000,0000,0000,0000,0000,0000,0000,0000,0000,0000,0000,0000,0000,0000,0000,0000,0000,0000,0000,0000,0000,0000,0000,0002,0002,0002,0002,FFFF
G50,Parrot MK6100,5,4000,4000,0000,5A67,2861,0000,7F65,0000,0780,FF9A,1B0C,F333,01EC,FFEE,200A,7F65,0000,ED00,0000,FFFF,4000,0000,0780,FF9A,1B0C,F333,01EC,FFEE,200A,7F65,7FFF,0800,21DB,0000,0000,0078,0800,5A30,2000,01A4,00C8,0002,0190,0040,0020,3977,0040,408A,0800,0063,4E20,4E20,0002,5208,1F40,0000,0050,0161,1E00,0200,1912,0300,0258,0190,1CA8,00C8,2D55,0100,0000,0000,0000,0000,0000,0000,0000,0000,0000,0000,0000,0000,0000,0000,0000,0000,0000,0000,0000,0000,0000,0000,0000,0000,0000,0000,0000,0000,0000,0000,0000,0000,0000,0000,0000,0000,0000,0000,0000,0000,0000,0000,0000,0000,0000,0000,0002,0002,0002,0002,0000,0000,0000,0000,0000,0000,0000,0000,0000,0000,0000,0000,0000,0000,0000,0000,0000,0000,0000,0000,0000,0000,0000,0000,0000,0000,0000,0000,0000,0000,0002,0002,0002,0002,FFFF
G51,Bluetooth headset,5,4000,4000,0000,4000,4000,FFFF,2000,0000,0C80,FF9A,2400,F333,01EC,FFEE,200A,7F65,0000,ED00,0000,FFFF,2000,0000,0F00,FF02,2400,F333,01EC,FFEE,200A,7F65,7FFF,0800,21DB,169F,0000,00A8,0800,5A30,2000,01A4,00C8,0002,0190,0040,0020,3977,0040,408A,0800,0063,4E20,4E20,0002,5208,1F40,0000,0050,0161,1E00,0200,1912,0300,0258,0190,1CA8,00C8,2D55,0100,0000,0000,0000,0000,0000,0000,0000,0000,0000,0000,0000,0000,0000,0000,0000,0000,0000,0000,0000,0000,0000,0000,0000,0000,0000,0000,0000,0000,0000,0000,0000,0000,0000,0000,0000,0000,0000,0000,0000,0000,0000,0000,0000,0000,0000,0000,0002,0002,0002,0002,0000,0000,0000,0000,0000,0000,0000,0000,0000,0000,0000,0000,0000,0000,0000,0000,0000,0000,0000,0000,0000,0000,0000,0000,0000,0000,0000,0000,0000,0000,0002,0002,0002,0002,FFFF
G52,Jabra BT3010,5,4000,4000,0000,4000,4000,FFFF,2000,0000,0C80,FF9A,2400,F333,01EC,FFEE,200A,7F65,0000,ED00,0000,FFFF,2000,0000,0F00,FF02,2400,F333,01EC,FFEE,200A,7F65,7FFF,0800,21DB,169F,0000,00A8,0800,5A30,2000,01A4,00C8,0002,0190,0040,0020,3977,0040,408A,0800,0063,4E20,4E20,0002,5208,1F40,0000,0050,0161,1E00,0200,1912,0300,0258,0190,1CA8,00C8,2D55,0100,0000,0000,0000,0000,0000,0000,0000,0000,0000,0000,0000,0000,0000,0000,0000,0000,0000,0000,0000,0000,0000,0000,0000,0000,0000,0000,0000,0000,0000,0000,0000,0000,0000,0000,0000,0000,0000,0000,0000,0000,0000,0000,0000,0000,0000,0000,0002,0002,0002,0002,0000,0000,0000,0000,0000,0000,0000,0000,0000,0000,0000,0000,0000,0000,0000,0000,0000,0000,0000,0000,0000,0000,0000,0000,0000,0000,0000,0000,0000,0000,0002,0002,0002,0002,FFFF
G53,Motorola T505,5,4000,4000,0000,4000,5A67,0000,7F65,0000,0780,FF9A,1B0C,F333,01EC,FFEE,200A,7F65,0000,ED00,0000,0000,7F65,0000,0780,FF9A,1B0C,F333,01EC,FFEE,200A,7F65,7FFF,0800,21DB,0000,0000,0078,0800,5A30,2000,01A4,00C8,0002,0190,0040,0020,3977,0040,408A,0800,0063,4E20,4E20,0002,5208,1F40,0000,0050,0161,1E00,0200,1912,0300,0258,0190,1CA8,00C8,2D55,0100,0000,0000,0000,0000,0000,0000,0000,0000,0000,0000,0000,0000,0000,0000,0000,0000,0000,0000,0000,0000,0000,0000,0000,0000,0000,0000,0000,0000,0000,0000,0000,0000,0000,0000,0000,0000,0000,0000,0000,0000,0000,0000,0000,0000,0000,0000,0002,0002,0002,0002,0000,0000,0000,0000,0000,0000,0000,0000,0000,0000,0000,0000,0000,0000,0000,0000,0000,0000,0000,0000,0000,0000,0000,0000,0000,0000,0000,0000,0000,0000,0002,0002,0002,0002,FFFF
G54,Samsung WEP500,5,4000,4000,0000,4000,5A67,ffff,2000,0000,0780,FF9A,1B0C,F333,01EC,FFEE,200A,7F65,0000,ED00,0000,ffff,2000,0000,0780,FF9A,1B0C,F333,01EC,FFEE,200A,7F65,7FFF,0800,21DB,169F,0000,0078,0800,5A30,2000,01A4,00C8,0002,0190,0040,0020,3977,0040,408A,0800,0063,4E20,4E20,0002,5208,1F40,0000,0050,0161,1E00,0200,1912,0300,0258,0190,1CA8,00C8,2D55,0100,0000,0000,0000,0000,0000,0000,0000,0000,0000,0000,0000,0000,0000,0000,0000,0000,0000,0000,0000,0000,0000,0000,0000,0000,0000,0000,0000,0000,0000,0000,0000,0000,0000,0000,0000,0000,0000,0000,0000,0000,0000,0000,0000,0000,0000,0000,0002,0002,0002,0002,0000,0000,0000,0000,0000,0000,0000,0000,0000,0000,0000,0000,0000,0000,0000,0000,0000,0000,0000,0000,0000,0000,0000,0000,0000,0000,0000,0000,0000,0000,0002,0002,0002,0002,FFFF
G55,Motorola H500,5,4000,4000,0000,4000,5A67,ffff,2000,0000,0f00,FF03,1B0C,F333,01EC,FFEE,200A,7F65,0000,ED00,0000,0000,7F65,0000,0780,FF9A,1B0C,F333,01EC,FFEE,200A,7F65,7FFF,0800,21DB,169F,0000,0078,0800,5A30,2000,01A4,00C8,0002,0190,0040,0020,3977,0040,408A,0800,0063,4E20,4E20,0002,5208,1F40,0000,0050,0161,1E00,0200,1912,0300,0258,0190,1CA8,00C8,2D55,0100,0000,0000,0000,0000,0000,0000,0000,0000,0000,0000,0000,0000,0000,0000,0000,0000,0000,0000,0000,0000,0000,0000,0000,0000,0000,0000,0000,0000,0000,0000,0000,0000,0000,0000,0000,0000,0000,0000,0000,0000,0000,0000,0000,0000,0000,0000,0002,0002,0002,0002,0000,0000,0000,0000,0000,0000,0000,0000,0000,0000,0000,0000,0000,0000,0000,0000,0000,0000,0000,0000,0000,0000,0000,0000,0000,0000,0000,0000,0000,0000,0002,0002,0002,0002,FFFF
G56,HBH-DS205,5,4000,4000,0000,4000,4000,FFFF,2000,0000,0F00,FF4D,2400,F333,01EC,FFEE,200A,7F65,0000,ED00,0000,0000,7F65,0000,0780,FF9A,1B0C,F333,01EC,FFEE,200A,7F65,7FFF,0800,21DB,0004,0000,0078,0800,5A30,2000,01A4,00C8,0002,0190,0040,0020,3977,0040,408A,0800,0063,4E20,4E20,0002,5208,1F40,0000,0050,0161,1E00,0200,1912,0300,0258,0190,1214,00C8,2D55,0100,0000,0000,0000,0000,0000,0000,0000,0000,0000,0000,0000,0000,0000,0000,0000,0000,0000,0000,0000,0000,0000,0000,0000,0000,0000,0000,0000,0000,0000,0000,0000,0000,0000,0000,0000,0000,0000,0000,0000,0000,0000,0000,0000,0000,0000,0000,0002,0002,0002,0002,0000,0000,0000,0000,0000,0000,0000,0000,0000,0000,0000,0000,0000,0000,0000,0000,0000,0000,0000,0000,0000,0000,0000,0000,0000,0000,0000,0000,0000,0000,0002,0002,0002,0002,FFFF
G57,8XXPlantronics,5,4000,4000,0000,656E,7FB2,FFFF,2000,0000,0780,FF9A,2400,F333,01EC,FFEE,200A,7F65,0000,ED00,0000,FFFF,2000,0000,0780,FF9A,2400,F333,01EC,FFEE,200A,7F65,7FFF,0800,21DB,0000,0000,0078,0800,5A30,2000,01A4,00C8,0002,0190,0040,0020,3977,0040,408A,0800,0063,4E20,4E20,0002,5208,1F40,0000,0050,0161,1E00,0200,1912,0300,0258,0190,1CA8,00C8,2D55,0100,0000,0000,0000,0000,0000,0000,0000,0000,0000,0000,0000,0000,0000,0000,0000,0000,0000,0000,0000,0000,0000,0000,0000,0000,0000,0000,0000,0000,0000,0000,0000,0000,0000,0000,0000,0000,0000,0000,0000,0000,0000,0000,0000,0000,0000,0000,0002,0002,0002,0002,0000,0000,0000,0000,0000,0000,0000,0000,0000,0000,0000,0000,0000,0000,0000,0000,0000,0000,0000,0000,0000,0000,0000,0000,0000,0000,0000,0000,0000,0000,0002,0002,0002,0002,FFFF
G58,Jabra BT3030,5,4000,4000,0000,4000,5A67,0000,7F65,0000,0780,FF9A,1B0C,F333,01EC,FFEE,200A,7F65,0000,ED00,0000,0000,7F65,0000,0780,FF9A,1B0C,F333,01EC,FFEE,200A,7F65,7FFF,0800,21DB,0000,0000,0078,0800,5A30,2000,01A4,00C8,0002,0190,0040,0020,3977,0040,408A,0800,0063,4E20,4E20,0002,5208,1F40,0000,0050,0161,1E00,0200,1912,0300,0258,0190,1CA8,00C8,2D55,0100,0000,0000,0000,0000,0000,0000,0000,0000,0000,0000,0000,0000,0000,0000,0000,0000,0000,0000,0000,0000,0000,0000,0000,0000,0000,0000,0000,0000,0000,0000,0000,0000,0000,0000,0000,0000,0000,0000,0000,0000,0000,0000,0000,0000,0000,0000,0002,0002,0002,0002,0000,0000,0000,0000,0000,0000,0000,0000,0000,0000,0000,0000,0000,0000,0000,0000,0000,0000,0000,0000,0000,0000,0000,0000,0000,0000,0000,0000,0000,0000,0002,0002,0002,0002,FFFF
G59,9xxPlantronics,5,4000,4000,0000,4000,5A67,FFFF,2000,0000,0780,FF9A,2100,F333,01EC,FFEE,200A,7F65,0000,ED00,0000,FFFF,2000,0000,0780,FF9A,2100,F333,01EC,FFEE,200A,7F65,7FFF,0800,21DB,169F,0000,0120,0800,5A30,2000,01A4,00C8,0002,0190,0020,0020,3977,0040,408A,0800,0063,4E20,4E20,0002,5208,1F40,0000,0050,0161,1E00,0200,1912,0300,0258,0190,1CA8,00C8,2D55,0100,0000,0000,0000,0000,0000,0000,0000,0000,0000,0000,0000,0000,0000,0000,0000,0000,0000,0000,0000,0000,0000,0000,0000,0000,0000,0000,0000,0000,0000,0000,0000,0000,0000,0000,0000,0000,0000,0000,0000,0000,0000,0000,0000,0000,0000,0000,0002,0002,0002,0002,0000,0000,0000,0000,0000,0000,0000,0000,0000,0000,0000,0000,0000,0000,0000,0000,0000,0000,0000,0000,0000,0000,0000,0000,0000,0000,0000,0000,0000,0000,0002,0002,0002,0002,FFFF
G60,Nokia BH-103,5,4000,4000,0000,A0C2,7FB2,ffff,2000,0000,0780,FF9A,1B0C,F333,01EC,FFEE,200A,7F65,0000,ED00,0000,FFFF,2000,0000,0C80,FF9A,1B0C,F333,01EC,FFEE,200A,7F65,7FFF,0800,21DB,169F,0000,00C0,0800,5A30,2000,01A4,00C8,0002,0190,0040,0020,3977,0040,408A,0800,0063,4E20,4E20,0002,1000,0000,0000,0050,0161,1E00,0200,1912,0300,0258,0190,1CA8,00C8,2D55,0100,0000,0000,0000,0000,0000,0000,0000,0000,0000,0000,0000,0000,0000,0000,0000,0000,0000,0000,0000,0000,0000,0000,0000,0000,0000,0000,0000,0000,0000,0000,0000,0000,0000,0000,0000,0000,0000,0000,0000,0000,0000,0000,0000,0000,0000,0000,0002,0002,0002,0002,0000,0000,0000,0000,0000,0000,0000,0000,0000,0000,0000,0000,0000,0000,0000,0000,0000,0000,0000,0000,0000,0000,0000,0000,0000,0000,0000,0000,0000,0000,0002,0002,0002,0002,FFFF
G61,Nokia BH-703,5,4000,4000,0000,5A67,A0C2,ffff,2000,0000,0780,FF9A,1B0C,F333,01EC,FFEE,200A,7F65,0000,ED00,0000,FFFF,2000,0000,0C80,FF9A,1B0C,F333,01EC,FFEE,200A,7F65,7FFF,0800,21DB,0000,0000,00C0,0800,5A30,2000,01A4,00C8,0002,0190,0040,0020,3977,0040,408A,0800,0063,4E20,4E20,0002,1000,0000,0000,0050,0161,1E00,0200,1912,0300,0258,0190,1CA8,00C8,2D55,0100,0000,0000,0000,0000,0000,0000,0000,0000,0000,0000,0000,0000,0000,0000,0000,0000,0000,0000,0000,0000,0000,0000,0000,0000,0000,0000,0000,0000,0000,0000,0000,0000,0000,0000,0000,0000,0000,0000,0000,0000,0000,0000,0000,0000,0000,0000,0002,0002,0002,0002,0000,0000,0000,0000,0000,0000,0000,0000,0000,0000,0000,0000,0000,0000,0000,0000,0000,0000,0000,0000,0000,0000,0000,0000,0000,0000,0000,0000,0000,0000,0002,0002,0002,0002,FFFF
G62,Motorola H12,5,4000,4000,0000,4000,5092,ffff,2000,0000,0C80,FF9A,1B0C,F333,01EC,FFEE,200A,7F65,0000,ED00,0000,FFFF,2000,0000,0C80,FF9A,1B0C,F333,01EC,FFEE,200A,7F65,7FFF,0800,21DB,169F,0000,0078,0800,5A30,2000,01A4,00C8,0002,0190,0040,0020,3977,0040,408A,0800,0063,4E20,4E20,0002,1000,0000,0000,0050,0161,1E00,0200,1912,0300,0258,0190,1CA8,00C8,2D55,0100,0000,0000,0000,0000,0000,0000,0000,0000,0000,0000,0000,0000,0000,0000,0000,0000,0000,0000,0000,0000,0000,0000,0000,0000,0000,0000,0000,0000,0000,0000,0000,0000,0000,0000,0000,0000,0000,0000,0000,0000,0000,0000,0000,0000,0000,0000,0002,0002,0002,0002,0000,0000,0000,0000,0000,0000,0000,0000,0000,0000,0000,0000,0000,0000,0000,0000,0000,0000,0000,0000,0000,0000,0000,0000,0000,0000,0000,0000,0000,0000,0002,0002,0002,0002,FFFF
G63,Motorola H710,5,4000,4000,0000,4000,5A67,0000,7F65,0000,0780,FF9A,1B0C,F333,01EC,FFEE,200A,7F65,0000,ED00,0000,0000,7F65,0000,0780,FF9A,1B0C,F333,01EC,FFEE,200A,7F65,7FFF,0800,21DB,0000,0000,0000,0800,5A30,2000,01A4,00C8,0002,0190,0040,0020,3977,0040,408A,0800,0063,4E20,4E20,0002,5208,1F40,0000,0050,0161,1E00,0200,1912,0300,0258,0190,1CA8,00C8,2D55,0100,0000,0000,0000,0000,0000,0000,0000,0000,0000,0000,0000,0000,0000,0000,0000,0000,0000,0000,0000,0000,0000,0000,0000,0000,0000,0000,0000,0000,0000,0000,0000,0000,0000,0000,0000,0000,0000,0000,0000,0000,0000,0000,0000,0000,0000,0000,0002,0002,0002,0002,0000,0000,0000,0000,0000,0000,0000,0000,0000,0000,0000,0000,0000,0000,0000,0000,0000,0000,0000,0000,0000,0000,0000,0000,0000,0000,0000,0000,0000,0000,0002,0002,0002,0002,FFFF
G64,Jabra BT530,5,4000,4000,0000,4000,7FB2,0000,7F65,0000,1180,FF9A,1B0C,F333,01EC,FFEE,200A,7F65,0000,ED00,0000,0000,7F65,0000,0780,FF9A,1B0C,F333,01EC,FFEE,200A,7F65,7FFF,0800,21DB,169F,0000,0078,0800,5A30,2000,01A4,00C8,0002,0190,0040,0020,3977,0040,408A,0800,0063,4E20,4E20,0002,5208,1F40,0000,0050,0161,1E00,0200,1912,0300,0258,0190,1CA8,00C8,2D55,0100,0000,0000,0000,0000,0000,0000,0000,0000,0000,0000,0000,0000,0000,0000,0000,0000,0000,0000,0000,0000,0000,0000,0000,0000,0000,0000,0000,0000,0000,0000,0000,0000,0000,0000,0000,0000,0000,0000,0000,0000,0000,0000,0000,0000,0000,0000,0002,0002,0002,0002,0000,0000,0000,0000,0000,0000,0000,0000,0000,0000,0000,0000,0000,0000,0000,0000,0000,0000,0000,0000,0000,0000,0000,0000,0000,0000,0000,0000,0000,0000,0002,0002,0002,0002,FFFF
G65,Jabra BT5010,5,4000,4000,0000,5092,A0C2,FFFF,196B,0000,0780,FF9A,1B0C,F333,01EC,FFEE,200A,7F65,0000,ED00,0000,FFFF,2000,0000,0C80,FF9A,1B0C,F333,01EC,FFEE,200A,7F65,7FFF,0800,21DB,169F,0000,0078,0800,5A30,2000,01A4,00C8,0002,0190,0040,0020,3977,0040,408A,0800,0063,4E20,4E20,0002,5208,1F40,0000,0050,0161,1E00,0200,1912,0300,0258,0190,1CA8,00C8,2D55,0100,0000,0000,0000,0000,0000,0000,0000,0000,0000,0000,0000,0000,0000,0000,0000,0000,0000,0000,0000,0000,0000,0000,0000,0000,0000,0000,0000,0000,0000,0000,0000,0000,0000,0000,0000,0000,0000,0000,0000,0000,0000,0000,0000,0000,0000,0000,0002,0002,0002,0002,0000,0000,0000,0000,0000,0000,0000,0000,0000,0000,0000,0000,0000,0000,0000,0000,0000,0000,0000,0000,0000,0000,0000,0000,0000,0000,0000,0000,0000,0000,0002,0002,0002,0002,FFFF
G66,Samsung WEP410,5,4000,4000,0000,4000,5A67,FFFF,2000,0000,0C80,FF9A,1B0C,F333,01EC,FFEE,200A,7F65,0000,ED00,0000,FFFF,2000,0000,0C80,FF9A,1B0C,F333,01EC,FFEE,200A,7F65,7FFF,0800,21DB,169F,0000,0078,0800,5A30,2000,01A4,00C8,0002,0190,0040,0020,3977,0040,408A,0800,0063,4E20,4E20,0002,5208,1F40,0000,0050,0161,1E00,0200,1912,0300,0258,0190,1CA8,00C8,2D55,0100,0000,0000,0000,0000,0000,0000,0000,0000,0000,0000,0000,0000,0000,0000,0000,0000,0000,0000,0000,0000,0000,0000,0000,0000,0000,0000,0000,0000,0000,0000,0000,0000,0000,0000,0000,0000,0000,0000,0000,0000,0000,0000,0000,0000,0000,0000,0002,0002,0002,0002,0000,0000,0000,0000,0000,0000,0000,0000,0000,0000,0000,0000,0000,0000,0000,0000,0000,0000,0000,0000,0000,0000,0000,0000,0000,0000,0000,0000,0000,0000,0002,0002,0002,0002,FFFF
G67,iMT525,5,4000,4000,0000,4000,5A67,FFFF,2000,0000,0780,FF9A,1B0C,F333,01EC,FFEE,200A,7F65,0000,ED00,0000,0000,7F65,0000,0780,FF9A,1B0C,F333,01EC,FFEE,200A,7F65,7FFF,0800,21DB,0004,0000,0078,0800,5A30,2000,01A4,00C8,0002,0190,0040,0020,3977,0040,408A,0800,0063,4E20,4E20,0002,5208,1F40,0000,0050,0161,1E00,0200,1912,0300,0258,0190,1CA8,00C8,2D55,0100,0000,0000,0000,0000,0000,0000,0000,0000,0000,0000,0000,0000,0000,0000,0000,0000,0000,0000,0000,0000,0000,0000,0000,0000,0000,0000,0000,0000,0000,0000,0000,0000,0000,0000,0000,0000,0000,0000,0000,0000,0000,0000,0000,0000,0000,0000,0002,0002,0002,0002,0000,0000,0000,0000,0000,0000,0000,0000,0000,0000,0000,0000,0000,0000,0000,0000,0000,0000,0000,0000,0000,0000,0000,0000,0000,0000,0000,0000,0000,0000,0002,0002,0002,0002,FFFF
G68,Motorola T305,5,4000,4000,0000,4000,5A67,FFFF,2000,0000,0C80,FF01,2080,CCCC,01EC,FFEE,200A,7F65,0000,ED00,0000,FFFF,2000,0000,0C80,FF01,2080,CCCC,01EC,FFEE,200A,7F65,7FFF,0800,21DB,179F,0000,0270,0800,5A30,2000,01A4,0190,0002,0190,0040,0020,3977,0040,408A,0800,0063,4E20,4E20,0002,3FFF,2500,0000,0025,0161,1E00,0200,1912,0300,0258,0190,101D,00C8,2D55,0100,0000,0000,0000,0000,0000,0000,0000,0000,0000,0000,0000,0000,0000,0000,0000,0000,0000,0000,0000,0000,0000,0000,0000,0000,0000,0000,0000,0000,0000,0000,0000,0000,0000,0000,0000,0000,0000,0000,0000,0000,0000,0000,0000,0000,0000,0000,0002,0002,0002,0002,0000,0000,0000,0000,0000,0000,0000,0000,0000,0000,0000,0000,0000,0000,0000,0000,0000,0000,0000,0000,0000,0000,0000,0000,0000,0000,0000,0000,0000,0000,0002,0002,0002,0002,FFFF
G69,520Plantronics,5,4000,4000,0000,4000,5A67,FFFF,2000,0000,0780,FF9A,1B0C,F333,01EC,FFEE,200A,7F65,0000,ED00,0000,0000,7F65,0000,0780,FF9A,1B0C,F333,01EC,FFEE,200A,7F65,7FFF,0800,21DB,169F,0000,0078,0800,5A30,2000,01A4,00C8,0002,0190,0040,0020,3977,0040,408A,0800,0063,4E20,4E20,0002,5208,1F40,0000,0050,0161,1E00,0200,1912,0300,0258,0190,1CA8,00C8,2D55,0100,0000,0000,0000,0000,0000,0000,0000,0000,0000,0000,0000,0000,0000,0000,0000,0000,0000,0000,0000,0000,0000,0000,0000,0000,0000,0000,0000,0000,0000,0000,0000,0000,0000,0000,0000,0000,0000,0000,0000,0000,0000,0000,0000,0000,0000,0000,0002,0002,0002,0002,0000,0000,0000,0000,0000,0000,0000,0000,0000,0000,0000,0000,0000,0000,0000,0000,0000,0000,0000,0000,0000,0000,0000,0000,0000,0000,0000,0000,0000,0000,0002,0002,0002,0002,FFFF
G70,JKDAP3264,5,4000,4000,0000,4000,4000,0000,7F65,0000,0780,FF9A,1B0C,F333,01EC,FFEE,200A,7F65,0000,ED00,0000,0000,7F65,0000,0780,FF9A,1B0C,F333,01EC,FFEE,200A,7F65,7FFF,0800,21DB,0004,0000,00A0,0800,5A30,2000,01A4,00C8,0002,0190,0040,0020,3977,0040,408A,0800,0063,4E20,4E20,0002,5208,1F40,0000,0050,0161,1E00,0200,1912,0300,0258,0190,1000,00C8,2D55,0100,0000,0000,0000,0000,0000,0000,0000,0000,0000,0000,0000,0000,0000,0000,0000,0000,0000,0000,0000,0000,0000,0000,0000,0000,0000,0000,0000,0000,0000,0000,0000,0000,0000,0000,0000,0000,0000,0000,0000,0000,0000,0000,0000,0000,0000,0000,0002,0002,0002,0002,0000,0000,0000,0000,0000,0000,0000,0000,0000,0000,0000,0000,0000,0000,0000,0000,0000,0000,0000,0000,0000,0000,0000,0000,0000,0000,0000,0000,0000,0000,0002,0002,0002,0002,FFFF
G71,JKDAP3265,5,4000,4000,0000,E314,4000,0000,2D33,0000,C80,FF1A,1D80,F333,01EC,FFEE,200A,7F65,0000,ED00,0000,0000,3FD9,0,C80,FF1A,1B0C,F333,01EC,FFEE,200A,7F65,7fff,800,7fff,179f,0000,20,800,A061,2000,fa,C8,0001,190,40,20,3977,40,408A,800,63,4DFF,4DFF,0002,5208,1F40,0000,106,161,800,200,1912,300,150,32,1ca8,C8,2D55,100,FFFF,0000,0000,0000,0000,0000,0000,4000,0000,0000,0000,0000,0000,0000,0000,0000,0000,0000,0000,0000,0000,0000,0000,0000,0000,0000,0000,0000,0000,0000,0000,0000,0000,0000,0000,0000,0000,0000,0000,0000,0000,0000,0000,0000,0000,0000,0002,0002,0002,0002,0000,0000,0000,0000,0000,0000,0000,0000,0000,0000,0000,0000,0000,0000,0000,0000,0000,0000,0000,0000,0000,0000,0000,0000,0000,0000,0000,0000,0000,0000,0002,0002,0002,0002,FFFF
G72,Jabra BT2050,5,4000,4000,0000,4000,5A67,0000,7F65,0000,0780,FF9A,1B0C,F333,01EC,FFEE,200A,7F65,0000,ED00,0000,0000,7F65,0000,0780,FF9A,1B0C,F333,01EC,FFEE,200A,7F65,7FFF,0800,21DB,169F,0000,00A0,0800,5A30,2000,01A4,00C8,0002,0190,0040,0020,3977,0040,408A,0800,0063,4E20,4E20,0002,5208,1F40,0000,0050,0161,1E00,0200,1912,0300,0258,0190,1CA8,00C8,2D55,0100,0000,0000,0000,0000,0000,0000,0000,0000,0000,0000,0000,0000,0000,0000,0000,0000,0000,0000,0000,0000,0000,0000,0000,0000,0000,0000,0000,0000,0000,0000,0000,0000,0000,0000,0000,0000,0000,0000,0000,0000,0000,0000,0000,0000,0000,0000,0002,0002,0002,0002,0000,0000,0000,0000,0000,0000,0000,0000,0000,0000,0000,0000,0000,0000,0000,0000,0000,0000,0000,0000,0000,0000,0000,0000,0000,0000,0000,0000,0000,0000,0002,0002,0002,0002,FFFF
G73,2XX Plantronics,5,4000,4000,0000,4000,5A67,0000,7F65,0000,0780,FF9A,1B0C,F333,01EC,FFEE,200A,7F65,0000,ED00,0000,0000,7F65,0000,0780,FF9A,1B0C,F333,01EC,FFEE,200A,7F65,7FFF,0800,21DB,169F,0000,00A0,0800,5A30,2000,01A4,00C8,0002,0190,0040,0020,3977,0040,408A,0800,0063,4E20,4E20,0002,5208,1F40,0000,0050,0161,1E00,0200,1912,0300,0258,0190,1CA8,00C8,2D55,0100,0000,0000,0000,0000,0000,0000,0000,0000,0000,0000,0000,0000,0000,0000,0000,0000,0000,0000,0000,0000,0000,0000,0000,0000,0000,0000,0000,0000,0000,0000,0000,0000,0000,0000,0000,0000,0000,0000,0000,0000,0000,0000,0000,0000,0000,0000,0002,0002,0002,0002,0000,0000,0000,0000,0000,0000,0000,0000,0000,0000,0000,0000,0000,0000,0000,0000,0000,0000,0000,0000,0000,0000,0000,0000,0000,0000,0000,0000,0000,0000,0002,0002,0002,0002,FFFF
G74,Samsung SBH-500,5,4000,4000,0000,4000,5A67,0000,7F65,0000,0780,FF9A,1B0C,F333,01EC,FFEE,200A,7F65,0000,ED00,0000,0000,7F65,0000,0780,FF9A,1B0C,F333,01EC,FFEE,200A,7F65,7FFF,0800,21DB,169F,0000,00A0,0800,5A30,2000,01A4,00C8,0002,0190,0040,0020,3977,0040,408A,0800,0063,4E20,4E20,0002,5208,1F40,0000,0050,0161,1E00,0200,1912,0300,0258,0190,1CA8,00C8,2D55,0100,0000,0000,0000,0000,0000,0000,0000,0000,0000,0000,0000,0000,0000,0000,0000,0000,0000,0000,0000,0000,0000,0000,0000,0000,0000,0000,0000,0000,0000,0000,0000,0000,0000,0000,0000,0000,0000,0000,0000,0000,0000,0000,0000,0000,0000,0000,0002,0002,0002,0002,0000,0000,0000,0000,0000,0000,0000,0000,0000,0000,0000,0000,0000,0000,0000,0000,0000,0000,0000,0000,0000,0000,0000,0000,0000,0000,0000,0000,0000,0000,0002,0002,0002,0002,FFFF
G75,BT_EC_OFF,5,4000,4000,0,7FB2,7FB2,0,2D33,0,C80,FF1A,1D80,F333,01EC,FFEE,200A,7F65,0,ED00,0,0,3FD9,0,C80,FF1A,1B0C,F333,01EC,FFEE,200A,7F65,7fff,800,7fff,0,0,11,800,2000,2000,fa,C8,1,190,40,20,3977,40,408A,800,63,4DFF,4DFF,2,5208,1F40,0,106,161,800,200,1912,300,258,32,1ca8,C8,2D55,100,FFFF,0,0,0,0,0,0,4000,0,0,0,0,0,0,0,0,0,0,0,0,0,0,0,0,0,0,0,0,0,0,0,0,0,0,0,0,0,0,0,0,0,0,0,0,0,0,2,2,2,2,0,0,0,0,0,0,0,0,0,0,0,0,0,0,0,0,0,0,0,0,0,0,0,0,0,0,0,0,0,0,2,2,2,2,FFFF
